person_id,platform,acct_id,username,email,identity_type,display_name
ID-0000,active_directory,acct-act-ID-0000-de8040,donald.garcia,johnsonjoshua@example.org,human,Donald Garcia
ID-0000,github,acct-git-ID-0000-75a05e,donaldg17,johnsonjoshua@example.org,human,Donald Garcia
ID-0001,salesforce,acct-sal-ID-0001-39aed2,jeffery.wagner,garzaanthony@example.org,human,Jeffery Wagner
ID-0001,active_directory,acct-act-ID-0001-936a99,jeffery.wagner,garzaanthony@example.org,human,Jeffery Wagner
ID-0001,okta,acct-okt-ID-0001-57cac5,jeffery.wagner,garzaanthony@example.org,human,Jeffery Wagner
ID-0001,aws_iam,acct-aws-ID-0001-900620,jwagner,garzaanthony@example.org,human,Jeffery Wagner
ID-0002,okta,acct-okt-ID-0002-84ecf9,amy.robinson,hoffmanjennifer@example.net,human,Amy Robinson
ID-0002,active_directory,acct-act-ID-0002-1360c5,amy.robinson,hoffmanjennifer@example.net,human,Amy Robinson
ID-0003,aws_iam,acct-aws-ID-0003-4ae086,rramirez,lisa02@example.net,human,Roberto Ramirez
ID-0003,okta,acct-okt-ID-0003-84d31b,roberto.ramirez,lisa02@example.net,human,Roberto Ramirez
ID-0003,github,acct-git-ID-0003-95544b,robertor64,lisa02@example.net,human,Roberto Ramirez
ID-0004,aws_iam,acct-aws-ID-0004-7530f8,nhoward,susanrogers@example.org,human,Noah Howard
ID-0004,active_directory,acct-act-ID-0004-ae206d,noah.howard,susanrogers@example.org,human,Noah Howard
ID-0005,github,acct-git-ID-0005-911d4f,davidn49,cassandra07@example.net,human,David Nielsen
ID-0005,okta,acct-okt-ID-0005-91ff88,david.nielsen,cassandra07@example.net,human,David Nielsen
ID-0006,okta,acct-okt-ID-0006-0d45f2,nicole.ward,arnoldmaria@example.net,human,Nicole Ward
ID-0006,github,acct-git-ID-0006-603e58,nicolew76,arnoldmaria@example.net,human,Nicole Ward
ID-0006,salesforce,acct-sal-ID-0006-801c79,nicole.ward,arnoldmaria@example.net,human,Nicole Ward
ID-0006,active_directory,acct-act-ID-0006-864582,nicole.ward,arnoldmaria@example.net,human,Nicole Ward
ID-0007,okta,acct-okt-ID-0007-267210,kendra.galloway,janetwilliams@example.org,human,Kendra Galloway
ID-0007,github,acct-git-ID-0007-e26206,kendrag21,janetwilliams@example.org,human,Kendra Galloway
ID-0007,aws_iam,acct-aws-ID-0007-9268e2,kgalloway,janetwilliams@example.org,human,Kendra Galloway
ID-0007,salesforce,acct-sal-ID-0007-7ee2a8,kendra.galloway,janetwilliams@example.org,human,Kendra Galloway
ID-0008,salesforce,acct-sal-ID-0008-379d1c,cynthia.diaz,michellejames@example.com,human,Cynthia Diaz
ID-0008,aws_iam,acct-aws-ID-0008-9bbc9b,cdiaz,michellejames@example.com,human,Cynthia Diaz
ID-0009,active_directory,acct-act-ID-0009-f7f365,cynthia.ferguson,michael41@example.net,human,Cynthia Ferguson
ID-0009,okta,acct-okt-ID-0009-1e1a4c,cynthia.ferguson,michael41@example.net,human,Cynthia Ferguson
ID-0009,salesforce,acct-sal-ID-0009-1bd1af,cynthia.ferguson,michael41@example.net,human,Cynthia Ferguson
ID-0010,github,acct-git-ID-0010-3cf3ad,haileyr38,frankgray@example.net,human,Hailey Robinson
ID-0010,aws_iam,acct-aws-ID-0010-5f011e,hrobinson,frankgray@example.net,human,Hailey Robinson
ID-0010,salesforce,acct-sal-ID-0010-2042a5,hailey.robinson,frankgray@example.net,human,Hailey Robinson
ID-0011,salesforce,acct-sal-ID-0011-807834,linda.morales,megan03@example.org,human,Linda Morales
ID-0011,active_directory,acct-act-ID-0011-f4c469,linda.morales,megan03@example.org,human,Linda Morales
ID-0012,github,acct-git-ID-0012-2e17eb,leonardr19,clarksherri@example.net,human,Leonard Rios
ID-0012,salesforce,acct-sal-ID-0012-70fffd,leonard.rios,clarksherri@example.net,human,Leonard Rios
ID-0012,okta,acct-okt-ID-0012-355fb6,leonard.rios,clarksherri@example.net,human,Leonard Rios
ID-0012,active_directory,acct-act-ID-0012-f7cb39,leonard.rios,clarksherri@example.net,human,Leonard Rios
ID-0013,salesforce,acct-sal-ID-0013-ca9f96,douglas.taylor,pwilkerson@example.com,human,Douglas Taylor
ID-0013,github,acct-git-ID-0013-b4f8db,douglast53,pwilkerson@example.com,human,Douglas Taylor
ID-0013,aws_iam,acct-aws-ID-0013-c138ec,dtaylor,pwilkerson@example.com,human,Douglas Taylor
ID-0014,salesforce,acct-sal-ID-0014-4be20d,michael.osborn,julie69@example.com,human,Michael Osborn
ID-0014,okta,acct-okt-ID-0014-feff7a,michael.osborn,julie69@example.com,human,Michael Osborn
ID-0014,aws_iam,acct-aws-ID-0014-1198bc,mosborn,julie69@example.com,human,Michael Osborn
ID-0015,aws_iam,acct-aws-ID-0015-3981f1,mhernandez,williamdavis@example.org,human,Michelle Hernandez
ID-0015,github,acct-git-ID-0015-70c679,michelleh24,williamdavis@example.org,human,Michelle Hernandez
ID-0015,active_directory,acct-act-ID-0015-96abdf,michelle.hernandez,williamdavis@example.org,human,Michelle Hernandez
ID-0016,aws_iam,acct-aws-ID-0016-a0bdcf,pcarlson,laurahenderson@example.org,human,Paul Carlson
ID-0016,okta,acct-okt-ID-0016-47fa2a,paul.carlson,laurahenderson@example.org,human,Paul Carlson
ID-0017,aws_iam,acct-aws-ID-0017-9f1acb,ewilson,jrice@example.org,human,Erin Wilson
ID-0017,okta,acct-okt-ID-0017-3f5683,erin.wilson,jrice@example.org,human,Erin Wilson
ID-0017,github,acct-git-ID-0017-ca2027,erinw44,jrice@example.org,human,Erin Wilson
ID-0017,active_directory,acct-act-ID-0017-4e7223,erin.wilson,jrice@example.org,human,Erin Wilson
ID-0018,active_directory,acct-act-ID-0018-f2d633,ryan.chavez,kayla51@example.com,human,Ryan Chavez
ID-0018,aws_iam,acct-aws-ID-0018-6916f3,rchavez,kayla51@example.com,human,Ryan Chavez
ID-0018,github,acct-git-ID-0018-51bb36,ryanc94,kayla51@example.com,human,Ryan Chavez
ID-0018,okta,acct-okt-ID-0018-b1b52b,ryan.chavez,kayla51@example.com,human,Ryan Chavez
ID-0019,github,acct-git-ID-0019-c931c2,monicae13,teresa28@example.org,human,Monica Evans
ID-0019,salesforce,acct-sal-ID-0019-85d5d2,monica.evans,teresa28@example.org,human,Monica Evans
ID-0019,active_directory,acct-act-ID-0019-535d0b,monica.evans,teresa28@example.org,human,Monica Evans
ID-0020,okta,acct-okt-ID-0020-2f5c59,stephanie.nielsen,ericfarmer@example.net,human,Stephanie Nielsen
ID-0020,active_directory,acct-act-ID-0020-d6dd07,stephanie.nielsen,ericfarmer@example.net,human,Stephanie Nielsen
ID-0020,aws_iam,acct-aws-ID-0020-0a9cfd,snielsen,ericfarmer@example.net,human,Stephanie Nielsen
ID-0020,salesforce,acct-sal-ID-0020-45c2e0,stephanie.nielsen,ericfarmer@example.net,human,Stephanie Nielsen
ID-0021,github,acct-git-ID-0021-c1d70d,sarahk50,georgetracy@example.org,human,Sarah Koch
ID-0021,active_directory,acct-act-ID-0021-4fd323,sarah.koch,georgetracy@example.org,human,Sarah Koch
ID-0021,aws_iam,acct-aws-ID-0021-618555,skoch,georgetracy@example.org,human,Sarah Koch
ID-0021,okta,acct-okt-ID-0021-67551e,sarah.koch,georgetracy@example.org,human,Sarah Koch
ID-0022,github,acct-git-ID-0022-319491,christophert68,john39@example.org,human,Christopher Tucker
ID-0022,okta,acct-okt-ID-0022-05c165,christopher.tucker,john39@example.org,human,Christopher Tucker
ID-0023,active_directory,acct-act-ID-0023-177289,david.alvarez,spenceamanda@example.org,human,David Alvarez
ID-0023,github,acct-git-ID-0023-726643,davida34,spenceamanda@example.org,human,David Alvarez
ID-0023,aws_iam,acct-aws-ID-0023-914d2f,dalvarez,spenceamanda@example.org,human,David Alvarez
ID-0024,salesforce,acct-sal-ID-0024-9140a8,tamara.hickman,josephbrennan@example.com,human,Tamara Hickman
ID-0024,okta,acct-okt-ID-0024-a1ad68,tamara.hickman,josephbrennan@example.com,human,Tamara Hickman
ID-0024,active_directory,acct-act-ID-0024-79562e,tamara.hickman,josephbrennan@example.com,human,Tamara Hickman
ID-0024,aws_iam,acct-aws-ID-0024-72ace6,thickman,josephbrennan@example.com,human,Tamara Hickman
ID-0025,github,acct-git-ID-0025-4f19fb,debrak15,jenniferross@example.net,human,Debra Kim
ID-0025,active_directory,acct-act-ID-0025-1d719c,debra.kim,jenniferross@example.net,human,Debra Kim
ID-0025,salesforce,acct-sal-ID-0025-9ff7b1,debra.kim,jenniferross@example.net,human,Debra Kim
ID-0026,github,acct-git-ID-0026-cb36f7,matthewc34,omartinez@example.org,human,Matthew Chapman
ID-0026,okta,acct-okt-ID-0026-ac2b66,matthew.chapman,omartinez@example.org,human,Matthew Chapman
ID-0027,salesforce,acct-sal-ID-0027-6dc478,crystal.perez,briannasmith@example.net,human,Crystal Perez
ID-0027,active_directory,acct-act-ID-0027-d9c45a,crystal.perez,briannasmith@example.net,human,Crystal Perez
ID-0028,github,acct-git-ID-0028-a28a1a,joshuaw18,heathchad@example.org,human,Joshua Washington
ID-0028,active_directory,acct-act-ID-0028-e26bc0,joshua.washington,heathchad@example.org,human,Joshua Washington
ID-0029,aws_iam,acct-aws-ID-0029-b27668,tmueller,jenniferkhan@example.net,human,Thomas Mueller
ID-0029,active_directory,acct-act-ID-0029-9cc708,thomas.mueller,jenniferkhan@example.net,human,Thomas Mueller
ID-0029,github,acct-git-ID-0029-f2f2e0,thomasm61,jenniferkhan@example.net,human,Thomas Mueller
ID-0029,salesforce,acct-sal-ID-0029-74de4b,thomas.mueller,jenniferkhan@example.net,human,Thomas Mueller
ID-0030,active_directory,acct-act-ID-0030-a0f8ca,ryan.henderson,glee@example.net,human,Ryan Henderson
ID-0030,github,acct-git-ID-0030-12fae2,ryanh74,glee@example.net,human,Ryan Henderson
ID-0030,aws_iam,acct-aws-ID-0030-68ac8c,rhenderson,glee@example.net,human,Ryan Henderson
ID-0031,okta,acct-okt-ID-0031-7e5395,denise.lucas,dshields@example.net,human,Denise Lucas
ID-0031,active_directory,acct-act-ID-0031-c06713,denise.lucas,dshields@example.net,human,Denise Lucas
ID-0031,github,acct-git-ID-0031-eb84d3,denisel86,dshields@example.net,human,Denise Lucas
ID-0032,github,acct-git-ID-0032-06c914,johnl75,powellmatthew@example.org,human,John Lee
ID-0032,salesforce,acct-sal-ID-0032-ab8c20,john.lee,powellmatthew@example.org,human,John Lee
ID-0032,aws_iam,acct-aws-ID-0032-6208e2,jlee,powellmatthew@example.org,human,John Lee
ID-0032,active_directory,acct-act-ID-0032-785d64,john.lee,powellmatthew@example.org,human,John Lee
ID-0033,active_directory,acct-act-ID-0033-06ed5b,steven.baxter,ltaylor@example.com,human,Steven Baxter
ID-0033,github,acct-git-ID-0033-205528,stevenb85,ltaylor@example.com,human,Steven Baxter
ID-0033,salesforce,acct-sal-ID-0033-965276,steven.baxter,ltaylor@example.com,human,Steven Baxter
ID-0034,salesforce,acct-sal-ID-0034-c84eb2,corey.pearson,ramosmichelle@example.net,human,Corey Pearson
ID-0034,aws_iam,acct-aws-ID-0034-d07016,cpearson,ramosmichelle@example.net,human,Corey Pearson
ID-0035,github,acct-git-ID-0035-e36822,gabrielt17,novaksara@example.org,human,Gabriel Tucker
ID-0035,salesforce,acct-sal-ID-0035-05155c,gabriel.tucker,novaksara@example.org,human,Gabriel Tucker
ID-0035,active_directory,acct-act-ID-0035-4230a8,gabriel.tucker,novaksara@example.org,human,Gabriel Tucker
ID-0036,salesforce,acct-sal-ID-0036-125cef,nicholas.galloway,michellebarrera@example.org,human,Nicholas Galloway
ID-0036,aws_iam,acct-aws-ID-0036-915727,ngalloway,michellebarrera@example.org,human,Nicholas Galloway
ID-0036,github,acct-git-ID-0036-bb7728,nicholasg87,michellebarrera@example.org,human,Nicholas Galloway
ID-0037,salesforce,acct-sal-ID-0037-6abbc1,heather.cross,sara74@example.com,human,Heather Cross
ID-0037,github,acct-git-ID-0037-61ecfa,heatherc56,sara74@example.com,human,Heather Cross
ID-0037,okta,acct-okt-ID-0037-f2c6d4,heather.cross,sara74@example.com,human,Heather Cross
ID-0038,github,acct-git-ID-0038-a5e4c2,tanyar98,smoore@example.org,human,Tanya Riley
ID-0038,aws_iam,acct-aws-ID-0038-75f1c1,triley,smoore@example.org,human,Tanya Riley
ID-0038,active_directory,acct-act-ID-0038-070d7b,tanya.riley,smoore@example.org,human,Tanya Riley
ID-0038,okta,acct-okt-ID-0038-52e59b,tanya.riley,smoore@example.org,human,Tanya Riley
ID-0039,aws_iam,acct-aws-ID-0039-7e877d,tcalhoun,adkinsbrian@example.net,human,Thomas Calhoun
ID-0039,github,acct-git-ID-0039-f7eb0d,thomasc38,adkinsbrian@example.net,human,Thomas Calhoun
ID-0040,active_directory,acct-act-ID-0040-c15c82,casey.jones,brianromero@example.org,human,Casey Jones
ID-0040,salesforce,acct-sal-ID-0040-520855,casey.jones,brianromero@example.org,human,Casey Jones
ID-0040,github,acct-git-ID-0040-facec5,caseyj90,brianromero@example.org,human,Casey Jones
ID-0040,aws_iam,acct-aws-ID-0040-2fbde2,cjones,brianromero@example.org,human,Casey Jones
ID-0041,active_directory,acct-act-ID-0041-64a614,john.wheeler,richarddavid@example.net,human,John Wheeler
ID-0041,github,acct-git-ID-0041-897e2b,johnw23,richarddavid@example.net,human,John Wheeler
ID-0041,aws_iam,acct-aws-ID-0041-f2bd86,jwheeler,richarddavid@example.net,human,John Wheeler
ID-0042,okta,acct-okt-ID-0042-3002e4,leslie.green,barnesbrandy@example.net,human,Leslie Green
ID-0042,github,acct-git-ID-0042-256753,leslieg52,barnesbrandy@example.net,human,Leslie Green
ID-0042,salesforce,acct-sal-ID-0042-a5dd4e,leslie.green,barnesbrandy@example.net,human,Leslie Green
ID-0043,okta,acct-okt-ID-0043-1b3137,debbie.bryant,john62@example.net,human,Debbie Bryant
ID-0043,active_directory,acct-act-ID-0043-d01c5e,debbie.bryant,john62@example.net,human,Debbie Bryant
ID-0043,github,acct-git-ID-0043-87ca02,debbieb17,john62@example.net,human,Debbie Bryant
ID-0044,okta,acct-okt-ID-0044-00d7e6,wendy.jones,smithchristine@example.net,human,Wendy Jones
ID-0044,salesforce,acct-sal-ID-0044-6bee4b,wendy.jones,smithchristine@example.net,human,Wendy Jones
ID-0044,aws_iam,acct-aws-ID-0044-087218,wjones,smithchristine@example.net,human,Wendy Jones
ID-0044,active_directory,acct-act-ID-0044-a48158,wendy.jones,smithchristine@example.net,human,Wendy Jones
ID-0045,aws_iam,acct-aws-ID-0045-3472a2,nsuarez,williamanderson@example.com,human,Nicole Suarez
ID-0045,okta,acct-okt-ID-0045-391d1a,nicole.suarez,williamanderson@example.com,human,Nicole Suarez
ID-0046,active_directory,acct-act-ID-0046-f73243,kevin.riggs,justin78@example.net,human,Kevin Riggs
ID-0046,aws_iam,acct-aws-ID-0046-bf6b0f,kriggs,justin78@example.net,human,Kevin Riggs
ID-0046,github,acct-git-ID-0046-3dd368,kevinr46,justin78@example.net,human,Kevin Riggs
ID-0046,salesforce,acct-sal-ID-0046-9a4ba6,kevin.riggs,justin78@example.net,human,Kevin Riggs
ID-0047,salesforce,acct-sal-ID-0047-f714ad,dale.humphrey,contrerasangela@example.net,human,Dale Humphrey
ID-0047,okta,acct-okt-ID-0047-d3b4bb,dale.humphrey,contrerasangela@example.net,human,Dale Humphrey
ID-0047,github,acct-git-ID-0047-bfafdc,daleh36,contrerasangela@example.net,human,Dale Humphrey
ID-0047,active_directory,acct-act-ID-0047-c8c9d4,dale.humphrey,contrerasangela@example.net,human,Dale Humphrey
ID-0048,github,acct-git-ID-0048-14cd96,josephj83,darrell18@example.org,human,Joseph Jacobs
ID-0048,aws_iam,acct-aws-ID-0048-dfa635,jjacobs,darrell18@example.org,human,Joseph Jacobs
ID-0048,active_directory,acct-act-ID-0048-c5fa21,joseph.jacobs,darrell18@example.org,human,Joseph Jacobs
ID-0048,salesforce,acct-sal-ID-0048-5dd9ef,joseph.jacobs,darrell18@example.org,human,Joseph Jacobs
ID-0049,salesforce,acct-sal-ID-0049-380be1,john.odonnell,james48@example.com,human,John Odonnell
ID-0049,okta,acct-okt-ID-0049-0c6f77,john.odonnell,james48@example.com,human,John Odonnell
ID-0049,github,acct-git-ID-0049-d1011a,johno14,james48@example.com,human,John Odonnell
ID-0050,okta,acct-okt-ID-0050-06802e,bradley.cook,davisrodney@example.com,human,Bradley Cook
ID-0050,salesforce,acct-sal-ID-0050-021c7d,bradley.cook,davisrodney@example.com,human,Bradley Cook
ID-0050,github,acct-git-ID-0050-e4fe84,bradleyc77,davisrodney@example.com,human,Bradley Cook
ID-0050,aws_iam,acct-aws-ID-0050-1e4768,bcook,davisrodney@example.com,human,Bradley Cook
ID-0051,active_directory,acct-act-ID-0051-3f6e9a,scott.thornton,danagreen@example.net,human,Scott Thornton
ID-0051,aws_iam,acct-aws-ID-0051-9a1c3c,sthornton,danagreen@example.net,human,Scott Thornton
ID-0051,okta,acct-okt-ID-0051-b7f7d5,scott.thornton,danagreen@example.net,human,Scott Thornton
ID-0051,salesforce,acct-sal-ID-0051-0d0d28,scott.thornton,danagreen@example.net,human,Scott Thornton
ID-0052,aws_iam,acct-aws-ID-0052-9d9ad7,rgardner,rodriguezsierra@example.net,human,Rebecca Gardner
ID-0052,salesforce,acct-sal-ID-0052-1bfb29,rebecca.gardner,rodriguezsierra@example.net,human,Rebecca Gardner
ID-0052,okta,acct-okt-ID-0052-8d118b,rebecca.gardner,rodriguezsierra@example.net,human,Rebecca Gardner
ID-0053,active_directory,acct-act-ID-0053-37c0f3,bobby.diaz,brandi26@example.org,human,Bobby Diaz
ID-0053,salesforce,acct-sal-ID-0053-c9688c,bobby.diaz,brandi26@example.org,human,Bobby Diaz
ID-0053,okta,acct-okt-ID-0053-459f25,bobby.diaz,brandi26@example.org,human,Bobby Diaz
ID-0054,active_directory,acct-act-ID-0054-919855,elizabeth.gomez,nolanjason@example.org,human,Elizabeth Gomez
ID-0054,okta,acct-okt-ID-0054-bba105,elizabeth.gomez,nolanjason@example.org,human,Elizabeth Gomez
ID-0055,salesforce,acct-sal-ID-0055-888789,sara.young,vdickson@example.org,human,Sara Young
ID-0055,active_directory,acct-act-ID-0055-b8586d,sara.young,vdickson@example.org,human,Sara Young
ID-0055,aws_iam,acct-aws-ID-0055-e17c8e,syoung,vdickson@example.org,human,Sara Young
ID-0055,okta,acct-okt-ID-0055-201c54,sara.young,vdickson@example.org,human,Sara Young
ID-0056,aws_iam,acct-aws-ID-0056-2edef2,adoyle,theresacochran@example.com,human,Angel Doyle
ID-0056,salesforce,acct-sal-ID-0056-3deb5c,angel.doyle,theresacochran@example.com,human,Angel Doyle
ID-0056,github,acct-git-ID-0056-cb170d,angeld69,theresacochran@example.com,human,Angel Doyle
ID-0056,okta,acct-okt-ID-0056-2df2d0,angel.doyle,theresacochran@example.com,human,Angel Doyle
ID-0057,aws_iam,acct-aws-ID-0057-e53c79,ehaynes,kimberly63@example.com,human,Erik Haynes
ID-0057,github,acct-git-ID-0057-283220,erikh93,kimberly63@example.com,human,Erik Haynes
ID-0058,salesforce,acct-sal-ID-0058-8bae80,james.sellers,ebrennan@example.org,human,James Sellers
ID-0058,github,acct-git-ID-0058-748e1d,jamess63,ebrennan@example.org,human,James Sellers
ID-0058,okta,acct-okt-ID-0058-8bf007,james.sellers,ebrennan@example.org,human,James Sellers
ID-0058,aws_iam,acct-aws-ID-0058-9446b8,jsellers,ebrennan@example.org,human,James Sellers
ID-0059,salesforce,acct-sal-ID-0059-091531,donna.ross,kevin33@example.org,human,Donna Ross
ID-0059,aws_iam,acct-aws-ID-0059-febdbf,dross,kevin33@example.org,human,Donna Ross
ID-0060,github,acct-git-ID-0060-91a201,williamf70,michelle45@example.net,human,William Frazier
ID-0060,aws_iam,acct-aws-ID-0060-5a51c4,wfrazier,michelle45@example.net,human,William Frazier
ID-0060,okta,acct-okt-ID-0060-8407c2,william.frazier,michelle45@example.net,human,William Frazier
ID-0061,aws_iam,acct-aws-ID-0061-3bf660,bterrell,sheila14@example.org,human,Beverly Terrell
ID-0061,salesforce,acct-sal-ID-0061-dc700a,beverly.terrell,sheila14@example.org,human,Beverly Terrell
ID-0062,salesforce,acct-sal-ID-0062-2b2b69,kristin.graham,rodriguezryan@example.net,human,Kristin Graham
ID-0062,github,acct-git-ID-0062-e49c3f,kristing12,rodriguezryan@example.net,human,Kristin Graham
ID-0062,aws_iam,acct-aws-ID-0062-a6d8bf,kgraham,rodriguezryan@example.net,human,Kristin Graham
ID-0063,active_directory,acct-act-ID-0063-58572e,bradley.graham,cruzbarbara@example.com,human,Bradley Graham
ID-0063,salesforce,acct-sal-ID-0063-57db8f,bradley.graham,cruzbarbara@example.com,human,Bradley Graham
ID-0063,github,acct-git-ID-0063-da93e7,bradleyg72,cruzbarbara@example.com,human,Bradley Graham
ID-0063,okta,acct-okt-ID-0063-76f704,bradley.graham,cruzbarbara@example.com,human,Bradley Graham
ID-0064,github,acct-git-ID-0064-84cba5,samanthah61,michaeljones@example.net,human,Samantha Hanson
ID-0064,active_directory,acct-act-ID-0064-8671f1,samantha.hanson,michaeljones@example.net,human,Samantha Hanson
ID-0064,aws_iam,acct-aws-ID-0064-e27d3a,shanson,michaeljones@example.net,human,Samantha Hanson
ID-0065,okta,acct-okt-ID-0065-6d4ec3,elizabeth.nguyen,cortezkevin@example.com,human,Elizabeth Nguyen
ID-0065,active_directory,acct-act-ID-0065-88c387,elizabeth.nguyen,cortezkevin@example.com,human,Elizabeth Nguyen
ID-0066,aws_iam,acct-aws-ID-0066-91b8ab,sbyrd,angela36@example.net,human,Shelby Byrd
ID-0066,active_directory,acct-act-ID-0066-92662c,shelby.byrd,angela36@example.net,human,Shelby Byrd
ID-0066,okta,acct-okt-ID-0066-101310,shelby.byrd,angela36@example.net,human,Shelby Byrd
ID-0066,salesforce,acct-sal-ID-0066-b28fec,shelby.byrd,angela36@example.net,human,Shelby Byrd
ID-0067,github,acct-git-ID-0067-129e25,marthat81,christinaturner@example.net,human,Martha Torres
ID-0067,salesforce,acct-sal-ID-0067-d74b26,martha.torres,christinaturner@example.net,human,Martha Torres
ID-0068,github,acct-git-ID-0068-19bea4,marcor27,russellcarpenter@example.net,human,Marco Ramos
ID-0068,aws_iam,acct-aws-ID-0068-abff2a,mramos,russellcarpenter@example.net,human,Marco Ramos
ID-0069,github,acct-git-ID-0069-125c2e,genem89,williamleon@example.net,human,Gene Miller
ID-0069,okta,acct-okt-ID-0069-07b513,gene.miller,williamleon@example.net,human,Gene Miller
ID-0070,aws_iam,acct-aws-ID-0070-6264e4,lhernandez,clarence34@example.org,human,Lindsay Hernandez
ID-0070,okta,acct-okt-ID-0070-187ee0,lindsay.hernandez,clarence34@example.org,human,Lindsay Hernandez
ID-0070,salesforce,acct-sal-ID-0070-397768,lindsay.hernandez,clarence34@example.org,human,Lindsay Hernandez
ID-0070,github,acct-git-ID-0070-944bc5,lindsayh67,clarence34@example.org,human,Lindsay Hernandez
ID-0071,okta,acct-okt-ID-0071-2ae3fd,stanley.mercado,sanchezthomas@example.org,human,Stanley Mercado
ID-0071,aws_iam,acct-aws-ID-0071-6cee1a,smercado,sanchezthomas@example.org,human,Stanley Mercado
ID-0071,salesforce,acct-sal-ID-0071-220495,stanley.mercado,sanchezthomas@example.org,human,Stanley Mercado
ID-0071,active_directory,acct-act-ID-0071-40d8a7,stanley.mercado,sanchezthomas@example.org,human,Stanley Mercado
ID-0072,okta,acct-okt-ID-0072-d3fa82,john.douglas,jennifercruz@example.com,human,John Douglas
ID-0072,active_directory,acct-act-ID-0072-ffdda1,john.douglas,jennifercruz@example.com,human,John Douglas
ID-0073,salesforce,acct-sal-ID-0073-abf63d,kimberly.robinson,staffordmichelle@example.org,human,Kimberly Robinson
ID-0073,github,acct-git-ID-0073-9c4e82,kimberlyr56,staffordmichelle@example.org,human,Kimberly Robinson
ID-0073,aws_iam,acct-aws-ID-0073-2d9927,krobinson,staffordmichelle@example.org,human,Kimberly Robinson
ID-0074,aws_iam,acct-aws-ID-0074-8272af,ssolis,pwilliams@example.org,human,Stephen Solis
ID-0074,okta,acct-okt-ID-0074-e8aebb,stephen.solis,pwilliams@example.org,human,Stephen Solis
ID-0074,active_directory,acct-act-ID-0074-acd8e2,stephen.solis,pwilliams@example.org,human,Stephen Solis
ID-0074,github,acct-git-ID-0074-aab21a,stephens55,pwilliams@example.org,human,Stephen Solis
ID-0075,github,acct-git-ID-0075-4e9c2a,patricias20,stephanie79@example.net,human,Patricia Simmons
ID-0075,salesforce,acct-sal-ID-0075-3547a6,patricia.simmons,stephanie79@example.net,human,Patricia Simmons
ID-0075,active_directory,acct-act-ID-0075-98d12e,patricia.simmons,stephanie79@example.net,human,Patricia Simmons
ID-0076,github,acct-git-ID-0076-996698,shannonw40,vmerritt@example.com,human,Shannon Walton
ID-0076,active_directory,acct-act-ID-0076-f64e63,shannon.walton,vmerritt@example.com,human,Shannon Walton
ID-0077,active_directory,acct-act-ID-0077-3799d4,john.gonzales,katie87@example.net,human,John Gonzales
ID-0077,aws_iam,acct-aws-ID-0077-d01d82,jgonzales,katie87@example.net,human,John Gonzales
ID-0077,github,acct-git-ID-0077-23eef1,johng21,katie87@example.net,human,John Gonzales
ID-0077,salesforce,acct-sal-ID-0077-cc3b98,john.gonzales,katie87@example.net,human,John Gonzales
ID-0078,okta,acct-okt-ID-0078-5b1289,christopher.hernandez,jimmy55@example.net,human,Christopher Hernandez
ID-0078,aws_iam,acct-aws-ID-0078-8e3b75,chernandez,jimmy55@example.net,human,Christopher Hernandez
ID-0078,salesforce,acct-sal-ID-0078-f2f9b0,christopher.hernandez,jimmy55@example.net,human,Christopher Hernandez
ID-0079,okta,acct-okt-ID-0079-a6eaca,caleb.russell,tbenson@example.org,human,Caleb Russell
ID-0079,aws_iam,acct-aws-ID-0079-20ffcb,crussell,tbenson@example.org,human,Caleb Russell
ID-0079,github,acct-git-ID-0079-6ae5a6,calebr26,tbenson@example.org,human,Caleb Russell
ID-0079,active_directory,acct-act-ID-0079-b9610d,caleb.russell,tbenson@example.org,human,Caleb Russell
ID-0080,aws_iam,acct-aws-ID-0080-1cc8b1,pcarrillo,nperry@example.com,human,Perry Carrillo
ID-0080,github,acct-git-ID-0080-004a36,perryc85,nperry@example.com,human,Perry Carrillo
ID-0080,salesforce,acct-sal-ID-0080-b46552,perry.carrillo,nperry@example.com,human,Perry Carrillo
ID-0080,active_directory,acct-act-ID-0080-4981c8,perry.carrillo,nperry@example.com,human,Perry Carrillo
ID-0081,okta,acct-okt-ID-0081-1acb73,thomas.bender,gateskathy@example.com,human,Thomas Bender
ID-0081,salesforce,acct-sal-ID-0081-092bfe,thomas.bender,gateskathy@example.com,human,Thomas Bender
ID-0082,github,acct-git-ID-0082-24e511,jessicam91,karen68@example.net,human,Jessica Marsh
ID-0082,salesforce,acct-sal-ID-0082-7a7bcc,jessica.marsh,karen68@example.net,human,Jessica Marsh
ID-0082,active_directory,acct-act-ID-0082-f5ba8c,jessica.marsh,karen68@example.net,human,Jessica Marsh
ID-0083,okta,acct-okt-ID-0083-c4da2e,anthony.rogers,tracynelson@example.com,human,Anthony Rogers
ID-0083,aws_iam,acct-aws-ID-0083-f462e9,arogers,tracynelson@example.com,human,Anthony Rogers
ID-0083,github,acct-git-ID-0083-cb49e8,anthonyr57,tracynelson@example.com,human,Anthony Rogers
ID-0083,active_directory,acct-act-ID-0083-deb2c9,anthony.rogers,tracynelson@example.com,human,Anthony Rogers
ID-0084,aws_iam,acct-aws-ID-0084-8843c2,tferguson,dramsey@example.org,human,Tina Ferguson
ID-0084,github,acct-git-ID-0084-0b21c6,tinaf32,dramsey@example.org,human,Tina Ferguson
ID-0084,okta,acct-okt-ID-0084-db9bdd,tina.ferguson,dramsey@example.org,human,Tina Ferguson
ID-0085,salesforce,acct-sal-ID-0085-8e208d,christopher.patterson,qvargas@example.org,human,Christopher Patterson
ID-0085,aws_iam,acct-aws-ID-0085-d43f25,cpatterson,qvargas@example.org,human,Christopher Patterson
ID-0086,salesforce,acct-sal-ID-0086-622eb3,mark.gibson,qwhite@example.com,human,Mark Gibson
ID-0086,github,acct-git-ID-0086-f686e4,markg19,qwhite@example.com,human,Mark Gibson
ID-0087,okta,acct-okt-ID-0087-c6ffe8,johnny.miller,kathleen64@example.com,human,Johnny Miller
ID-0087,salesforce,acct-sal-ID-0087-d33c81,johnny.miller,kathleen64@example.com,human,Johnny Miller
ID-0087,aws_iam,acct-aws-ID-0087-202bf2,jmiller,kathleen64@example.com,human,Johnny Miller
ID-0087,github,acct-git-ID-0087-92639f,johnnym99,kathleen64@example.com,human,Johnny Miller
ID-0088,okta,acct-okt-ID-0088-b72821,jeffrey.jones,currybrett@example.com,human,Jeffrey Jones
ID-0088,salesforce,acct-sal-ID-0088-75f17b,jeffrey.jones,currybrett@example.com,human,Jeffrey Jones
ID-0088,active_directory,acct-act-ID-0088-db57d8,jeffrey.jones,currybrett@example.com,human,Jeffrey Jones
ID-0088,github,acct-git-ID-0088-7ff829,jeffreyj52,currybrett@example.com,human,Jeffrey Jones
ID-0089,okta,acct-okt-ID-0089-3f9cd8,mary.howell,websterstefanie@example.org,human,Mary Howell
ID-0089,aws_iam,acct-aws-ID-0089-725332,mhowell,websterstefanie@example.org,human,Mary Howell
ID-0090,salesforce,acct-sal-ID-0090-98fc66,stacie.marshall,davidcaldwell@example.net,human,Stacie Marshall
ID-0090,active_directory,acct-act-ID-0090-908d77,stacie.marshall,davidcaldwell@example.net,human,Stacie Marshall
ID-0091,aws_iam,acct-aws-ID-0091-a0afe4,thiggins,katie29@example.net,human,Tamara Higgins
ID-0091,active_directory,acct-act-ID-0091-f2ee62,tamara.higgins,katie29@example.net,human,Tamara Higgins
ID-0092,active_directory,acct-act-ID-0092-23c1f0,sarah.johnston,tamirodriguez@example.org,human,Sarah Johnston
ID-0092,salesforce,acct-sal-ID-0092-89d5f2,sarah.johnston,tamirodriguez@example.org,human,Sarah Johnston
ID-0092,github,acct-git-ID-0092-4c55ad,sarahj28,tamirodriguez@example.org,human,Sarah Johnston
ID-0093,github,acct-git-ID-0093-07e676,charlesv32,tsanders@example.org,human,Charles Vaughn
ID-0093,salesforce,acct-sal-ID-0093-92b517,charles.vaughn,tsanders@example.org,human,Charles Vaughn
ID-0093,okta,acct-okt-ID-0093-e4b867,charles.vaughn,tsanders@example.org,human,Charles Vaughn
ID-0093,aws_iam,acct-aws-ID-0093-2cd159,cvaughn,tsanders@example.org,human,Charles Vaughn
ID-0094,aws_iam,acct-aws-ID-0094-69b904,cmartinez,curtisbarton@example.net,human,Caroline Martinez
ID-0094,salesforce,acct-sal-ID-0094-39223f,caroline.martinez,curtisbarton@example.net,human,Caroline Martinez
ID-0094,okta,acct-okt-ID-0094-c46acd,caroline.martinez,curtisbarton@example.net,human,Caroline Martinez
ID-0095,active_directory,acct-act-ID-0095-600e9f,casey.holland,reedross@example.com,human,Casey Holland
ID-0095,salesforce,acct-sal-ID-0095-8c2285,casey.holland,reedross@example.com,human,Casey Holland
ID-0096,active_directory,acct-act-ID-0096-727e8f,ryan.cox,atkinsonlynn@example.org,human,Ryan Cox
ID-0096,github,acct-git-ID-0096-390be8,ryanc90,atkinsonlynn@example.org,human,Ryan Cox
ID-0097,github,acct-git-ID-0097-a5c605,jessicas94,bzimmerman@example.org,human,Jessica Sheppard
ID-0097,salesforce,acct-sal-ID-0097-764438,jessica.sheppard,bzimmerman@example.org,human,Jessica Sheppard
ID-0097,aws_iam,acct-aws-ID-0097-2c5fda,jsheppard,bzimmerman@example.org,human,Jessica Sheppard
ID-0098,github,acct-git-ID-0098-f1cfb0,ryans70,christina87@example.com,human,Ryan Simon
ID-0098,salesforce,acct-sal-ID-0098-e12838,ryan.simon,christina87@example.com,human,Ryan Simon
ID-0098,okta,acct-okt-ID-0098-92214c,ryan.simon,christina87@example.com,human,Ryan Simon
ID-0098,active_directory,acct-act-ID-0098-2d11c7,ryan.simon,christina87@example.com,human,Ryan Simon
ID-0099,github,acct-git-ID-0099-bb93cc,nicoles32,marcus31@example.com,human,Nicole Sanchez
ID-0099,salesforce,acct-sal-ID-0099-dd12b2,nicole.sanchez,marcus31@example.com,human,Nicole Sanchez
ID-0099,active_directory,acct-act-ID-0099-770657,nicole.sanchez,marcus31@example.com,human,Nicole Sanchez
ID-0100,aws_iam,acct-aws-ID-0100-658892,msnyder,qhudson@example.com,human,Matthew Snyder
ID-0100,active_directory,acct-act-ID-0100-d136a7,matthew.snyder,qhudson@example.com,human,Matthew Snyder
ID-0100,salesforce,acct-sal-ID-0100-e55f01,matthew.snyder,qhudson@example.com,human,Matthew Snyder
ID-0100,okta,acct-okt-ID-0100-cca496,matthew.snyder,qhudson@example.com,human,Matthew Snyder
ID-0101,github,acct-git-ID-0101-139dfe,matthewb11,hunter35@example.com,human,Matthew Beard
ID-0101,active_directory,acct-act-ID-0101-58e3b6,matthew.beard,hunter35@example.com,human,Matthew Beard
ID-0101,okta,acct-okt-ID-0101-1b6c86,matthew.beard,hunter35@example.com,human,Matthew Beard
ID-0102,okta,acct-okt-ID-0102-2bb6c5,john.russell,angela83@example.org,human,John Russell
ID-0102,aws_iam,acct-aws-ID-0102-97acc6,jrussell,angela83@example.org,human,John Russell
ID-0102,active_directory,acct-act-ID-0102-87630f,john.russell,angela83@example.org,human,John Russell
ID-0102,salesforce,acct-sal-ID-0102-e7abdd,john.russell,angela83@example.org,human,John Russell
ID-0103,github,acct-git-ID-0103-52d5c0,shanes16,hannahbrewer@example.com,human,Shane Smith
ID-0103,active_directory,acct-act-ID-0103-f93721,shane.smith,hannahbrewer@example.com,human,Shane Smith
ID-0103,aws_iam,acct-aws-ID-0103-3a98ad,ssmith,hannahbrewer@example.com,human,Shane Smith
ID-0104,active_directory,acct-act-ID-0104-6b1095,bonnie.kennedy,jeffrey34@example.net,human,Bonnie Kennedy
ID-0104,salesforce,acct-sal-ID-0104-f1cfc7,bonnie.kennedy,jeffrey34@example.net,human,Bonnie Kennedy
ID-0104,aws_iam,acct-aws-ID-0104-926657,bkennedy,jeffrey34@example.net,human,Bonnie Kennedy
ID-0105,aws_iam,acct-aws-ID-0105-0e0cf9,jnelson,ronald85@example.com,human,Jacqueline Nelson
ID-0105,active_directory,acct-act-ID-0105-a3bd1d,jacqueline.nelson,ronald85@example.com,human,Jacqueline Nelson
ID-0105,salesforce,acct-sal-ID-0105-61db6d,jacqueline.nelson,ronald85@example.com,human,Jacqueline Nelson
ID-0106,github,acct-git-ID-0106-4dc632,juliat78,jerry35@example.org,human,Julia Tapia
ID-0106,okta,acct-okt-ID-0106-b58d57,julia.tapia,jerry35@example.org,human,Julia Tapia
ID-0107,active_directory,acct-act-ID-0107-3ddff8,jenny.bray,jamesrodgers@example.com,human,Jenny Bray
ID-0107,salesforce,acct-sal-ID-0107-678351,jenny.bray,jamesrodgers@example.com,human,Jenny Bray
ID-0107,aws_iam,acct-aws-ID-0107-c8581e,jbray,jamesrodgers@example.com,human,Jenny Bray
ID-0108,github,acct-git-ID-0108-e84dc6,michaelt32,tina34@example.org,human,Michael Turner
ID-0108,active_directory,acct-act-ID-0108-b8dc8f,michael.turner,tina34@example.org,human,Michael Turner
ID-0108,salesforce,acct-sal-ID-0108-9b2ebe,michael.turner,tina34@example.org,human,Michael Turner
ID-0109,salesforce,acct-sal-ID-0109-6f485f,kelly.raymond,joshuamccann@example.net,human,Kelly Raymond
ID-0109,github,acct-git-ID-0109-9f0cb1,kellyr18,joshuamccann@example.net,human,Kelly Raymond
ID-0109,okta,acct-okt-ID-0109-c11b5a,kelly.raymond,joshuamccann@example.net,human,Kelly Raymond
ID-0110,salesforce,acct-sal-ID-0110-fbe376,justin.mendoza,agarcia@example.net,human,Justin Mendoza
ID-0110,github,acct-git-ID-0110-775967,justinm38,agarcia@example.net,human,Justin Mendoza
ID-0111,github,acct-git-ID-0111-2bed0a,dannyj73,jack04@example.com,human,Danny Jones
ID-0111,okta,acct-okt-ID-0111-a7d449,danny.jones,jack04@example.com,human,Danny Jones
ID-0111,active_directory,acct-act-ID-0111-c00b97,danny.jones,jack04@example.com,human,Danny Jones
ID-0112,okta,acct-okt-ID-0112-6b7efe,brian.hernandez,ojones@example.net,human,Brian Hernandez
ID-0112,salesforce,acct-sal-ID-0112-3abdf8,brian.hernandez,ojones@example.net,human,Brian Hernandez
ID-0112,github,acct-git-ID-0112-8458d1,brianh96,ojones@example.net,human,Brian Hernandez
ID-0112,active_directory,acct-act-ID-0112-49ee74,brian.hernandez,ojones@example.net,human,Brian Hernandez
ID-0113,aws_iam,acct-aws-ID-0113-9c9bf8,kobrien,christopher31@example.net,human,Kathy Obrien
ID-0113,okta,acct-okt-ID-0113-a5f06b,kathy.obrien,christopher31@example.net,human,Kathy Obrien
ID-0113,salesforce,acct-sal-ID-0113-4ec851,kathy.obrien,christopher31@example.net,human,Kathy Obrien
ID-0113,github,acct-git-ID-0113-500d2b,kathyo83,christopher31@example.net,human,Kathy Obrien
ID-0114,aws_iam,acct-aws-ID-0114-4ba584,kchapman,kimberlyjames@example.com,human,Kenneth Chapman
ID-0114,okta,acct-okt-ID-0114-fbce03,kenneth.chapman,kimberlyjames@example.com,human,Kenneth Chapman
ID-0115,okta,acct-okt-ID-0115-f5328d,chelsea.singh,ntorres@example.org,human,Chelsea Singh
ID-0115,active_directory,acct-act-ID-0115-8f3825,chelsea.singh,ntorres@example.org,human,Chelsea Singh
ID-0115,github,acct-git-ID-0115-cec032,chelseas84,ntorres@example.org,human,Chelsea Singh
ID-0116,salesforce,acct-sal-ID-0116-c551f6,eric.thompson,colleenbaker@example.org,human,Eric Thompson
ID-0116,okta,acct-okt-ID-0116-790b09,eric.thompson,colleenbaker@example.org,human,Eric Thompson
ID-0116,active_directory,acct-act-ID-0116-b412ef,eric.thompson,colleenbaker@example.org,human,Eric Thompson
ID-0116,aws_iam,acct-aws-ID-0116-73dd4e,ethompson,colleenbaker@example.org,human,Eric Thompson
ID-0117,aws_iam,acct-aws-ID-0117-106239,bcarter,moorericky@example.net,human,Brittney Carter
ID-0117,okta,acct-okt-ID-0117-edb458,brittney.carter,moorericky@example.net,human,Brittney Carter
ID-0117,github,acct-git-ID-0117-1b7ca5,brittneyc19,moorericky@example.net,human,Brittney Carter
ID-0117,active_directory,acct-act-ID-0117-ca4ae7,brittney.carter,moorericky@example.net,human,Brittney Carter
ID-0118,okta,acct-okt-ID-0118-2573cc,charles.hall,keithcampbell@example.com,human,Charles Hall
ID-0118,salesforce,acct-sal-ID-0118-c45195,charles.hall,keithcampbell@example.com,human,Charles Hall
ID-0119,active_directory,acct-act-ID-0119-95f190,danny.walker,kristin93@example.com,human,Danny Walker
ID-0119,github,acct-git-ID-0119-0cd157,dannyw28,kristin93@example.com,human,Danny Walker
ID-0120,active_directory,acct-act-ID-0120-44219d,brian.sparks,rebekahserrano@example.org,human,Brian Sparks
ID-0120,okta,acct-okt-ID-0120-1d81b6,brian.sparks,rebekahserrano@example.org,human,Brian Sparks
ID-0120,salesforce,acct-sal-ID-0120-049177,brian.sparks,rebekahserrano@example.org,human,Brian Sparks
ID-0120,github,acct-git-ID-0120-c9a499,brians69,rebekahserrano@example.org,human,Brian Sparks
ID-0121,active_directory,acct-act-ID-0121-03ec01,richard.nelson,scott74@example.net,human,Richard Nelson
ID-0121,salesforce,acct-sal-ID-0121-ce5339,richard.nelson,scott74@example.net,human,Richard Nelson
ID-0121,github,acct-git-ID-0121-d57bdf,richardn69,scott74@example.net,human,Richard Nelson
ID-0121,okta,acct-okt-ID-0121-6c06b0,richard.nelson,scott74@example.net,human,Richard Nelson
ID-0122,github,acct-git-ID-0122-7416ac,pamelan18,mkim@example.org,human,Pamela Navarro
ID-0122,aws_iam,acct-aws-ID-0122-126d79,pnavarro,mkim@example.org,human,Pamela Navarro
ID-0123,salesforce,acct-sal-ID-0123-7a4c59,stephanie.key,anthony39@example.net,human,Stephanie Key
ID-0123,github,acct-git-ID-0123-4421f2,stephaniek31,anthony39@example.net,human,Stephanie Key
ID-0124,active_directory,acct-act-ID-0124-6b236d,denise.moon,barbara27@example.net,human,Denise Moon
ID-0124,github,acct-git-ID-0124-631531,denisem75,barbara27@example.net,human,Denise Moon
ID-0124,okta,acct-okt-ID-0124-b76d5b,denise.moon,barbara27@example.net,human,Denise Moon
ID-0125,salesforce,acct-sal-ID-0125-b2eed2,tanya.harrison,wendygraham@example.com,human,Tanya Harrison
ID-0125,aws_iam,acct-aws-ID-0125-613e87,tharrison,wendygraham@example.com,human,Tanya Harrison
ID-0126,aws_iam,acct-aws-ID-0126-e2919e,mrivera,qcook@example.org,human,Mia Rivera
ID-0126,github,acct-git-ID-0126-6894cb,miar96,qcook@example.org,human,Mia Rivera
ID-0127,salesforce,acct-sal-ID-0127-48912f,benjamin.miller,zroberts@example.net,human,Benjamin Miller
ID-0127,active_directory,acct-act-ID-0127-03f87f,benjamin.miller,zroberts@example.net,human,Benjamin Miller
ID-0127,aws_iam,acct-aws-ID-0127-52486d,bmiller,zroberts@example.net,human,Benjamin Miller
ID-0127,github,acct-git-ID-0127-2ca3db,benjaminm60,zroberts@example.net,human,Benjamin Miller
ID-0128,aws_iam,acct-aws-ID-0128-ed08de,ddaniels,marcus68@example.org,human,Diane Daniels
ID-0128,active_directory,acct-act-ID-0128-233f4d,diane.daniels,marcus68@example.org,human,Diane Daniels
ID-0128,github,acct-git-ID-0128-e11edc,dianed88,marcus68@example.org,human,Diane Daniels
ID-0128,salesforce,acct-sal-ID-0128-cc464d,diane.daniels,marcus68@example.org,human,Diane Daniels
ID-0129,aws_iam,acct-aws-ID-0129-31df62,cjimenez,hbrown@example.com,human,Cindy Jimenez
ID-0129,active_directory,acct-act-ID-0129-ab958c,cindy.jimenez,hbrown@example.com,human,Cindy Jimenez
ID-0129,github,acct-git-ID-0129-936a8d,cindyj87,hbrown@example.com,human,Cindy Jimenez
ID-0130,salesforce,acct-sal-ID-0130-61d6bf,andrea.pennington,nwolf@example.com,human,Andrea Pennington
ID-0130,okta,acct-okt-ID-0130-0370b1,andrea.pennington,nwolf@example.com,human,Andrea Pennington
ID-0131,github,acct-git-ID-0131-9143fd,anthonym78,fgilmore@example.org,human,Anthony Mccoy
ID-0131,okta,acct-okt-ID-0131-4f03bd,anthony.mccoy,fgilmore@example.org,human,Anthony Mccoy
ID-0131,salesforce,acct-sal-ID-0131-d61da1,anthony.mccoy,fgilmore@example.org,human,Anthony Mccoy
ID-0132,okta,acct-okt-ID-0132-9815d5,andrea.davis,jennifercollins@example.org,human,Andrea Davis
ID-0132,aws_iam,acct-aws-ID-0132-ecad84,adavis,jennifercollins@example.org,human,Andrea Davis
ID-0132,active_directory,acct-act-ID-0132-f7ac35,andrea.davis,jennifercollins@example.org,human,Andrea Davis
ID-0132,salesforce,acct-sal-ID-0132-aad40d,andrea.davis,jennifercollins@example.org,human,Andrea Davis
ID-0133,github,acct-git-ID-0133-ce23cf,tyronem36,murraydavid@example.org,human,Tyrone Moran
ID-0133,salesforce,acct-sal-ID-0133-c8099f,tyrone.moran,murraydavid@example.org,human,Tyrone Moran
ID-0134,github,acct-git-ID-0134-942129,stephent27,robert77@example.org,human,Stephen Thomas
ID-0134,salesforce,acct-sal-ID-0134-5ab069,stephen.thomas,robert77@example.org,human,Stephen Thomas
ID-0135,okta,acct-okt-ID-0135-3fea43,michelle.hill,sandraromero@example.org,human,Michelle Hill
ID-0135,salesforce,acct-sal-ID-0135-6103e4,michelle.hill,sandraromero@example.org,human,Michelle Hill
ID-0135,github,acct-git-ID-0135-4d01a3,michelleh75,sandraromero@example.org,human,Michelle Hill
ID-0136,salesforce,acct-sal-ID-0136-58ccc2,joseph.smith,ymorgan@example.net,human,Joseph Smith
ID-0136,github,acct-git-ID-0136-00bd2b,josephs56,ymorgan@example.net,human,Joseph Smith
ID-0136,active_directory,acct-act-ID-0136-e247a9,joseph.smith,ymorgan@example.net,human,Joseph Smith
ID-0137,salesforce,acct-sal-ID-0137-9ca7c4,sean.washington,mary97@example.org,human,Sean Washington
ID-0137,active_directory,acct-act-ID-0137-2444ef,sean.washington,mary97@example.org,human,Sean Washington
ID-0137,github,acct-git-ID-0137-bd0c1f,seanw70,mary97@example.org,human,Sean Washington
ID-0138,salesforce,acct-sal-ID-0138-88dfec,sarah.kane,andrea86@example.com,human,Sarah Kane
ID-0138,okta,acct-okt-ID-0138-312f21,sarah.kane,andrea86@example.com,human,Sarah Kane
ID-0138,aws_iam,acct-aws-ID-0138-d32843,skane,andrea86@example.com,human,Sarah Kane
ID-0138,github,acct-git-ID-0138-6b2cc1,sarahk59,andrea86@example.com,human,Sarah Kane
ID-0139,active_directory,acct-act-ID-0139-53bad3,bradley.garner,ashleyhall@example.com,human,Bradley Garner
ID-0139,github,acct-git-ID-0139-8d0331,bradleyg33,ashleyhall@example.com,human,Bradley Garner
ID-0139,okta,acct-okt-ID-0139-71120e,bradley.garner,ashleyhall@example.com,human,Bradley Garner
ID-0140,github,acct-git-ID-0140-c56c40,tinas41,qhughes@example.net,human,Tina Simpson
ID-0140,active_directory,acct-act-ID-0140-c4d277,tina.simpson,qhughes@example.net,human,Tina Simpson
ID-0140,salesforce,acct-sal-ID-0140-9e1721,tina.simpson,qhughes@example.net,human,Tina Simpson
ID-0141,active_directory,acct-act-ID-0141-aa4a5e,molly.sawyer,martineztammy@example.com,human,Molly Sawyer
ID-0141,aws_iam,acct-aws-ID-0141-712341,msawyer,martineztammy@example.com,human,Molly Sawyer
ID-0141,github,acct-git-ID-0141-03c23b,mollys26,martineztammy@example.com,human,Molly Sawyer
ID-0142,github,acct-git-ID-0142-8a8be0,jennifero79,dgarcia@example.org,human,Jennifer Ortiz
ID-0142,aws_iam,acct-aws-ID-0142-d84d08,jortiz,dgarcia@example.org,human,Jennifer Ortiz
ID-0142,okta,acct-okt-ID-0142-d3e684,jennifer.ortiz,dgarcia@example.org,human,Jennifer Ortiz
ID-0142,active_directory,acct-act-ID-0142-0d1c33,jennifer.ortiz,dgarcia@example.org,human,Jennifer Ortiz
ID-0143,github,acct-git-ID-0143-75ca3a,matthews22,charlesharrington@example.com,human,Matthew Schwartz
ID-0143,aws_iam,acct-aws-ID-0143-10d290,mschwartz,charlesharrington@example.com,human,Matthew Schwartz
ID-0144,okta,acct-okt-ID-0144-2d2c12,norman.stewart,christianmelissa@example.net,human,Norman Stewart
ID-0144,active_directory,acct-act-ID-0144-d79743,norman.stewart,christianmelissa@example.net,human,Norman Stewart
ID-0144,salesforce,acct-sal-ID-0144-24a70c,norman.stewart,christianmelissa@example.net,human,Norman Stewart
ID-0144,github,acct-git-ID-0144-4564ee,normans53,christianmelissa@example.net,human,Norman Stewart
ID-0145,aws_iam,acct-aws-ID-0145-826bc0,cwelch,cbrennan@example.net,human,Casey Welch
ID-0145,github,acct-git-ID-0145-9c484f,caseyw48,cbrennan@example.net,human,Casey Welch
ID-0145,okta,acct-okt-ID-0145-78c624,casey.welch,cbrennan@example.net,human,Casey Welch
ID-0145,salesforce,acct-sal-ID-0145-57eb77,casey.welch,cbrennan@example.net,human,Casey Welch
ID-0146,salesforce,acct-sal-ID-0146-018175,kathleen.padilla,wendy16@example.org,human,Kathleen Padilla
ID-0146,github,acct-git-ID-0146-8b2bf8,kathleenp93,wendy16@example.org,human,Kathleen Padilla
ID-0147,aws_iam,acct-aws-ID-0147-b59a28,bflynn,wallaceheather@example.org,human,Brandon Flynn
ID-0147,salesforce,acct-sal-ID-0147-076440,brandon.flynn,wallaceheather@example.org,human,Brandon Flynn
ID-0147,active_directory,acct-act-ID-0147-71fc63,brandon.flynn,wallaceheather@example.org,human,Brandon Flynn
ID-0147,github,acct-git-ID-0147-9d54be,brandonf41,wallaceheather@example.org,human,Brandon Flynn
ID-0148,aws_iam,acct-aws-ID-0148-ced92a,aknight,michael62@example.org,human,Amanda Knight
ID-0148,okta,acct-okt-ID-0148-06266f,amanda.knight,michael62@example.org,human,Amanda Knight
ID-0148,github,acct-git-ID-0148-102095,amandak12,michael62@example.org,human,Amanda Knight
ID-0149,okta,acct-okt-ID-0149-cbf679,christine.allen,georgemiller@example.com,human,Christine Allen
ID-0150,active_directory,acct-act-ID-0150-0faa10,jonathan.smith,jesselittle@example.com,human,Jonathan Smith
ID-0151,aws_iam,acct-aws-ID-0151-39a39a,ealexander,rsantana@example.net,human,Eric Alexander
ID-0152,okta,acct-okt-ID-0152-db47c8,john.bruce,vanessa46@example.net,human,John Bruce
ID-0152,aws_iam,acct-aws-ID-0152-427708,jbruce,vanessa46@example.net,human,John Bruce
ID-0153,salesforce,acct-sal-ID-0153-84be39,john.armstrong,yvonnecastaneda@example.org,human,John Armstrong
ID-0154,okta,acct-okt-ID-0154-ed2103,randy.smith,victoria40@example.net,human,Randy Smith
ID-0155,aws_iam,acct-aws-ID-0155-79f1bb,khall,lozanojulie@example.com,human,Kimberly Hall
ID-0155,active_directory,acct-act-ID-0155-3471b1,kimberly.hall,lozanojulie@example.com,human,Kimberly Hall
ID-0156,aws_iam,acct-aws-ID-0156-3ba504,ele,jeffery39@example.com,human,Erica Le
ID-0157,github,acct-git-ID-0157-3ca40f,benjamink30,courtneyberger@example.net,human,Benjamin Kramer
ID-0157,aws_iam,acct-aws-ID-0157-a2afa0,bkramer,courtneyberger@example.net,human,Benjamin Kramer
ID-0158,github,acct-git-ID-0158-77c552,reneem61,rileyjessica@example.org,human,Renee Murphy
ID-0159,active_directory,acct-act-ID-0159-58cf71,nancy.diaz,ithompson@example.net,human,Nancy Diaz
ID-0159,aws_iam,acct-aws-ID-0159-cd3a08,ndiaz,ithompson@example.net,human,Nancy Diaz
ID-0160,github,acct-git-ID-0160-fdf087,juliem74,maria47@example.com,human,Julie Morgan
ID-0160,active_directory,acct-act-ID-0160-85d0ce,julie.morgan,maria47@example.com,human,Julie Morgan
ID-0160,okta,acct-okt-ID-0160-6013fb,julie.morgan,maria47@example.com,human,Julie Morgan
ID-0161,aws_iam,acct-aws-ID-0161-4f3d2f,mramsey,mcdonaldcharles@example.org,human,Michelle Ramsey
ID-0161,github,acct-git-ID-0161-d9f3b8,micheller28,mcdonaldcharles@example.org,human,Michelle Ramsey
ID-0161,okta,acct-okt-ID-0161-b3afe2,michelle.ramsey,mcdonaldcharles@example.org,human,Michelle Ramsey
ID-0162,active_directory,acct-act-ID-0162-8d94bf,michael.gibbs,zcoffey@example.net,human,Michael Gibbs
ID-0162,github,acct-git-ID-0162-333aab,michaelg45,zcoffey@example.net,human,Michael Gibbs
ID-0162,salesforce,acct-sal-ID-0162-3d40d0,michael.gibbs,zcoffey@example.net,human,Michael Gibbs
ID-0163,salesforce,acct-sal-ID-0163-bbeb1c,emily.chambers,bakerdavid@example.com,human,Emily Chambers
ID-0163,aws_iam,acct-aws-ID-0163-bf3699,echambers,bakerdavid@example.com,human,Emily Chambers
ID-0163,github,acct-git-ID-0163-4a019e,emilyc62,bakerdavid@example.com,human,Emily Chambers
ID-0164,salesforce,acct-sal-ID-0164-5f81c8,emily.ruiz,xcarson@example.org,human,Emily Ruiz
ID-0164,okta,acct-okt-ID-0164-647cf0,emily.ruiz,xcarson@example.org,human,Emily Ruiz
ID-0165,okta,acct-okt-ID-0165-fa3dff,madison.blankenship,rose31@example.net,human,Madison Blankenship
ID-0166,okta,acct-okt-ID-0166-8244b8,sophia.torres,debra12@example.org,human,Sophia Torres
ID-0167,github,acct-git-ID-0167-146da8,derekc78,pwilson@example.net,human,Derek Chavez
ID-0168,okta,acct-okt-ID-0168-5cc846,nicole.pena,umatthews@example.org,human,Nicole Pena
ID-0168,salesforce,acct-sal-ID-0168-3b44b6,nicole.pena,umatthews@example.org,human,Nicole Pena
ID-0168,active_directory,acct-act-ID-0168-4d8479,nicole.pena,umatthews@example.org,human,Nicole Pena
ID-0169,okta,acct-okt-ID-0169-6e7d9e,hannah.robinson,rgilbert@example.org,human,Hannah Robinson
ID-0169,aws_iam,acct-aws-ID-0169-07f1d7,hrobinson,rgilbert@example.org,human,Hannah Robinson
ID-0169,active_directory,acct-act-ID-0169-6b88bf,hannah.robinson,rgilbert@example.org,human,Hannah Robinson
ID-0170,salesforce,acct-sal-ID-0170-93e935,tina.richardson,xsampson@example.org,human,Tina Richardson
ID-0170,active_directory,acct-act-ID-0170-e677a1,tina.richardson,xsampson@example.org,human,Tina Richardson
ID-0170,aws_iam,acct-aws-ID-0170-b111dc,trichardson,xsampson@example.org,human,Tina Richardson
ID-0171,salesforce,acct-sal-ID-0171-217cc3,stacy.holloway,bruce43@example.org,human,Stacy Holloway
ID-0171,okta,acct-okt-ID-0171-1a072b,stacy.holloway,bruce43@example.org,human,Stacy Holloway
ID-0172,github,acct-git-ID-0172-4b2d52,tashaw86,batesdarlene@example.net,human,Tasha Williams
ID-0172,aws_iam,acct-aws-ID-0172-56335e,twilliams,batesdarlene@example.net,human,Tasha Williams
ID-0173,aws_iam,acct-aws-ID-0173-a37bce,chubbard,john29@example.org,human,Casey Hubbard
ID-0174,okta,acct-okt-ID-0174-0428ab,mark.hernandez,brendali@example.org,human,Mark Hernandez
ID-0175,salesforce,acct-sal-ID-0175-936b7f,amber.lindsey,ramireztracey@example.org,human,Amber Lindsey
ID-0175,active_directory,acct-act-ID-0175-bb4f4e,amber.lindsey,ramireztracey@example.org,human,Amber Lindsey
ID-0176,active_directory,acct-act-ID-0176-f89a0e,michael.kramer,guerreroanthony@example.org,human,Michael Kramer
ID-0176,github,acct-git-ID-0176-e59265,michaelk18,guerreroanthony@example.org,human,Michael Kramer
ID-0176,salesforce,acct-sal-ID-0176-6effd5,michael.kramer,guerreroanthony@example.org,human,Michael Kramer
ID-0177,aws_iam,acct-aws-ID-0177-ba3c2a,jfox,alfred40@example.org,human,Judy Fox
ID-0178,active_directory,acct-act-ID-0178-1590f0,brittney.hayes,alvarezkimberly@example.net,human,Brittney Hayes
ID-0178,okta,acct-okt-ID-0178-bfce62,brittney.hayes,alvarezkimberly@example.net,human,Brittney Hayes
ID-0179,salesforce,acct-sal-ID-0179-648a3e,adrienne.ellis,soniawilliams@example.net,human,Adrienne Ellis
ID-0180,github,acct-git-ID-0180-e2c358,ronaldr27,browntimothy@example.com,human,Ronald Rodriguez
ID-0180,aws_iam,acct-aws-ID-0180-a46d2f,rrodriguez,browntimothy@example.com,human,Ronald Rodriguez
ID-0180,active_directory,acct-act-ID-0180-5a0706,ronald.rodriguez,browntimothy@example.com,human,Ronald Rodriguez
ID-0181,aws_iam,acct-aws-ID-0181-842eee,cjones,fjones@example.com,human,Charlene Jones
ID-0182,okta,acct-okt-ID-0182-f13f63,mark.vang,claudia98@example.net,human,Mark Vang
ID-0183,salesforce,acct-sal-ID-0183-100eca,laura.wilson,shawn96@example.org,human,Laura Wilson
ID-0184,okta,acct-okt-ID-0184-3b66f8,matthew.chavez,russellbeasley@example.com,human,Matthew Chavez
ID-0185,active_directory,acct-act-ID-0185-df7877,larry.scott,ublair@example.com,human,Larry Scott
ID-0185,salesforce,acct-sal-ID-0185-24be01,larry.scott,ublair@example.com,human,Larry Scott
ID-0186,aws_iam,acct-aws-ID-0186-4b90ed,mdavis,gloriawells@example.org,human,Marie Davis
ID-0186,salesforce,acct-sal-ID-0186-05d8b0,marie.davis,gloriawells@example.org,human,Marie Davis
ID-0187,active_directory,acct-act-ID-0187-deb426,angela.willis,garnernathan@example.org,human,Angela Willis
ID-0187,okta,acct-okt-ID-0187-73a29d,angela.willis,garnernathan@example.org,human,Angela Willis
ID-0188,aws_iam,acct-aws-ID-0188-1da606,shenderson,elizabeth65@example.net,human,Shelley Henderson
ID-0188,okta,acct-okt-ID-0188-4b7f60,shelley.henderson,elizabeth65@example.net,human,Shelley Henderson
ID-0188,github,acct-git-ID-0188-4cbc8f,shelleyh34,elizabeth65@example.net,human,Shelley Henderson
ID-0189,github,acct-git-ID-0189-dbe748,daler94,schmittcaroline@example.com,human,Dale Romero
ID-0190,okta,acct-okt-ID-0190-bfd698,michael.hawkins,dianewalker@example.org,human,Michael Hawkins
ID-0190,salesforce,acct-sal-ID-0190-a2170a,michael.hawkins,dianewalker@example.org,human,Michael Hawkins
ID-0191,github,acct-git-ID-0191-a70f45,meganv92,farmeraudrey@example.com,human,Megan Villegas
ID-0191,aws_iam,acct-aws-ID-0191-2fe219,mvillegas,farmeraudrey@example.com,human,Megan Villegas
ID-0191,okta,acct-okt-ID-0191-455acf,megan.villegas,farmeraudrey@example.com,human,Megan Villegas
ID-0192,salesforce,acct-sal-ID-0192-674e6b,joseph.white,lynchdiane@example.net,human,Joseph White
ID-0193,okta,acct-okt-ID-0193-e97246,molly.knight,sandra50@example.org,human,Molly Knight
ID-0193,aws_iam,acct-aws-ID-0193-f37121,mknight,sandra50@example.org,human,Molly Knight
ID-0194,salesforce,acct-sal-ID-0194-9940fa,teresa.davis,vjones@example.net,human,Teresa Davis
ID-0195,salesforce,acct-sal-ID-0195-47c101,mitchell.griffith,nicholaschavez@example.org,human,Mitchell Griffith
ID-0195,github,acct-git-ID-0195-d53e9f,mitchellg89,nicholaschavez@example.org,human,Mitchell Griffith
ID-0195,okta,acct-okt-ID-0195-99c8d4,mitchell.griffith,nicholaschavez@example.org,human,Mitchell Griffith
ID-0196,github,acct-git-ID-0196-f88296,brandonm25,wareeric@example.net,human,Brandon Miller
ID-0196,okta,acct-okt-ID-0196-76d538,brandon.miller,wareeric@example.net,human,Brandon Miller
ID-0197,salesforce,acct-sal-ID-0197-3232be,scott.nelson,fstanley@example.net,human,Scott Nelson
ID-0197,github,acct-git-ID-0197-dbff67,scottn93,fstanley@example.net,human,Scott Nelson
ID-0197,active_directory,acct-act-ID-0197-ea6c70,scott.nelson,fstanley@example.net,human,Scott Nelson
ID-0198,okta,acct-okt-ID-0198-68b332,erika.tucker,reeddaniel@example.net,human,Erika Tucker
ID-0198,github,acct-git-ID-0198-4cb40b,erikat56,reeddaniel@example.net,human,Erika Tucker
ID-0199,github,acct-git-ID-0199-a70e77,adriant30,brandon69@example.org,human,Adrian Turner
ID-0199,salesforce,acct-sal-ID-0199-6059a9,adrian.turner,brandon69@example.org,human,Adrian Turner
ID-0199,active_directory,acct-act-ID-0199-3a9af0,adrian.turner,brandon69@example.org,human,Adrian Turner
ID-0200,okta,acct-okt-ID-0200-e7f40a,mark.smith,katrinaduran@example.com,human,Mark Smith
ID-0201,aws_iam,acct-aws-ID-0201-ba5d22,jmason,ythompson@example.net,human,Jane Mason
ID-0201,salesforce,acct-sal-ID-0201-69271f,jane.mason,ythompson@example.net,human,Jane Mason
ID-0202,github,acct-git-ID-0202-bf8baa,stevem31,charles06@example.org,human,Steve Miller
ID-0202,salesforce,acct-sal-ID-0202-b11109,steve.miller,charles06@example.org,human,Steve Miller
ID-0203,github,acct-git-ID-0203-0143fc,danieller51,barbara96@example.net,human,Danielle Roberts
ID-0203,aws_iam,acct-aws-ID-0203-881b5a,droberts,barbara96@example.net,human,Danielle Roberts
ID-0203,active_directory,acct-act-ID-0203-6aed1f,danielle.roberts,barbara96@example.net,human,Danielle Roberts
ID-0204,github,acct-git-ID-0204-e95620,lauriem69,usmith@example.org,human,Laurie Montgomery
ID-0204,active_directory,acct-act-ID-0204-eef471,laurie.montgomery,usmith@example.org,human,Laurie Montgomery
ID-0204,aws_iam,acct-aws-ID-0204-c7c53f,lmontgomery,usmith@example.org,human,Laurie Montgomery
ID-0205,active_directory,acct-act-ID-0205-331a42,brianna.warren,christopher13@example.com,human,Brianna Warren
ID-0205,okta,acct-okt-ID-0205-375f83,brianna.warren,christopher13@example.com,human,Brianna Warren
ID-0205,aws_iam,acct-aws-ID-0205-574af6,bwarren,christopher13@example.com,human,Brianna Warren
ID-0206,okta,acct-okt-ID-0206-4fc991,jeffrey.maxwell,vharrell@example.com,human,Jeffrey Maxwell
ID-0206,active_directory,acct-act-ID-0206-ef436b,jeffrey.maxwell,vharrell@example.com,human,Jeffrey Maxwell
ID-0206,github,acct-git-ID-0206-2e70df,jeffreym90,vharrell@example.com,human,Jeffrey Maxwell
ID-0207,salesforce,acct-sal-ID-0207-dd465a,james.parsons,dixondaniel@example.net,human,James Parsons
ID-0208,salesforce,acct-sal-ID-0208-2ffba7,dwayne.gonzalez,jessica23@example.org,human,Dwayne Gonzalez
ID-0208,aws_iam,acct-aws-ID-0208-85513a,dgonzalez,jessica23@example.org,human,Dwayne Gonzalez
ID-0209,active_directory,acct-act-ID-0209-8a5089,stephanie.burton,kathleenrios@example.org,human,Stephanie Burton
ID-0210,github,acct-git-ID-0210-bd1b0f,shaneg78,wwebster@example.net,human,Shane Glass
ID-0210,aws_iam,acct-aws-ID-0210-ce94eb,sglass,wwebster@example.net,human,Shane Glass
ID-0211,active_directory,acct-act-ID-0211-b5d85e,carlos.ramos,michelle52@example.com,human,Carlos Ramos
ID-0211,github,acct-git-ID-0211-f790cc,carlosr51,michelle52@example.com,human,Carlos Ramos
ID-0211,salesforce,acct-sal-ID-0211-44af7d,carlos.ramos,michelle52@example.com,human,Carlos Ramos
ID-0212,github,acct-git-ID-0212-6e57c2,williamc57,laura90@example.com,human,William Collins
ID-0213,github,acct-git-ID-0213-56434f,chasel46,xjohnson@example.com,human,Chase Lin
ID-0213,salesforce,acct-sal-ID-0213-f0feb4,chase.lin,xjohnson@example.com,human,Chase Lin
ID-0214,github,acct-git-ID-0214-1293ea,bettyb33,gilbertwilliam@example.com,human,Betty Best
ID-0214,aws_iam,acct-aws-ID-0214-1207d2,bbest,gilbertwilliam@example.com,human,Betty Best
ID-0214,active_directory,acct-act-ID-0214-87c99a,betty.best,gilbertwilliam@example.com,human,Betty Best
ID-0215,github,acct-git-ID-0215-181b9b,jacobj75,colelisa@example.net,human,Jacob Jacobs
ID-0215,active_directory,acct-act-ID-0215-e002ad,jacob.jacobs,colelisa@example.net,human,Jacob Jacobs
ID-0215,aws_iam,acct-aws-ID-0215-f86d17,jjacobs,colelisa@example.net,human,Jacob Jacobs
ID-0216,okta,acct-okt-ID-0216-7c2e00,toni.miller,susanhayes@example.com,human,Toni Miller
ID-0216,salesforce,acct-sal-ID-0216-b5e7c2,toni.miller,susanhayes@example.com,human,Toni Miller
ID-0216,github,acct-git-ID-0216-cabaaf,tonim29,susanhayes@example.com,human,Toni Miller
ID-0217,okta,acct-okt-ID-0217-cb711b,alexandria.bishop,benjaminzimmerman@example.com,human,Alexandria Bishop
ID-0217,salesforce,acct-sal-ID-0217-fada4c,alexandria.bishop,benjaminzimmerman@example.com,human,Alexandria Bishop
ID-0218,github,acct-git-ID-0218-585d30,kims35,nathan46@example.com,human,Kim Shelton
ID-0218,active_directory,acct-act-ID-0218-2ebd5c,kim.shelton,nathan46@example.com,human,Kim Shelton
ID-0219,okta,acct-okt-ID-0219-39e106,mark.grant,mccormickdeborah@example.org,human,Mark Grant
ID-0219,salesforce,acct-sal-ID-0219-f83d86,mark.grant,mccormickdeborah@example.org,human,Mark Grant
ID-0219,aws_iam,acct-aws-ID-0219-082f76,mgrant,mccormickdeborah@example.org,human,Mark Grant
ID-0220,active_directory,acct-act-ID-0220-386c82,tamara.morrison,umitchell@example.net,human,Tamara Morrison
ID-0220,github,acct-git-ID-0220-3e5205,tamaram20,umitchell@example.net,human,Tamara Morrison
ID-0221,okta,acct-okt-ID-0221-d3549f,sabrina.collins,mathewaguilar@example.org,human,Sabrina Collins
ID-0221,github,acct-git-ID-0221-dd5af1,sabrinac60,mathewaguilar@example.org,human,Sabrina Collins
ID-0222,salesforce,acct-sal-ID-0222-c425ed,kyle.bennett,tanderson@example.org,human,Kyle Bennett
ID-0223,github,acct-git-ID-0223-3ceb2b,ellenr95,lisa81@example.net,human,Ellen Romero
ID-0223,okta,acct-okt-ID-0223-2765ff,ellen.romero,lisa81@example.net,human,Ellen Romero
ID-0223,aws_iam,acct-aws-ID-0223-42d2a6,eromero,lisa81@example.net,human,Ellen Romero
ID-0224,salesforce,acct-sal-ID-0224-d9621d,matthew.miranda,coxhenry@example.org,human,Matthew Miranda
ID-0225,salesforce,acct-sal-ID-0225-825034,kenneth.french,jeremytaylor@example.org,human,Kenneth French
ID-0225,active_directory,acct-act-ID-0225-fa9b2c,kenneth.french,jeremytaylor@example.org,human,Kenneth French
ID-0225,github,acct-git-ID-0225-9480f7,kennethf82,jeremytaylor@example.org,human,Kenneth French
ID-0226,okta,acct-okt-ID-0226-12f7a4,david.bennett,stanleynancy@example.net,human,David Bennett
ID-0226,salesforce,acct-sal-ID-0226-64eb8a,david.bennett,stanleynancy@example.net,human,David Bennett
ID-0227,active_directory,acct-act-ID-0227-b2fa17,lisa.martin,henryschwartz@example.net,human,Lisa Martin
ID-0227,salesforce,acct-sal-ID-0227-70ddfc,lisa.martin,henryschwartz@example.net,human,Lisa Martin
ID-0227,aws_iam,acct-aws-ID-0227-35cae3,lmartin,henryschwartz@example.net,human,Lisa Martin
ID-0228,aws_iam,acct-aws-ID-0228-1b65d2,jmontes,xwilliams@example.net,human,Jennifer Montes
ID-0228,github,acct-git-ID-0228-a68635,jenniferm21,xwilliams@example.net,human,Jennifer Montes
ID-0229,github,acct-git-ID-0229-0d3765,johns35,karen73@example.net,human,John Sheppard
ID-0229,okta,acct-okt-ID-0229-944e80,john.sheppard,karen73@example.net,human,John Sheppard
ID-0230,aws_iam,acct-aws-ID-0230-e3a501,ehudson,mmckee@example.com,human,Erika Hudson
ID-0230,salesforce,acct-sal-ID-0230-604be3,erika.hudson,mmckee@example.com,human,Erika Hudson
ID-0231,github,acct-git-ID-0231-aa8400,wesleyb81,smurray@example.com,human,Wesley Barnes
ID-0231,salesforce,acct-sal-ID-0231-647077,wesley.barnes,smurray@example.com,human,Wesley Barnes
ID-0232,aws_iam,acct-aws-ID-0232-f70962,mwilliams,lisasolis@example.org,human,Monique Williams
ID-0232,salesforce,acct-sal-ID-0232-195f9c,monique.williams,lisasolis@example.org,human,Monique Williams
ID-0232,active_directory,acct-act-ID-0232-6a925b,monique.williams,lisasolis@example.org,human,Monique Williams
ID-0233,okta,acct-okt-ID-0233-76a59b,jennifer.black,jsawyer@example.org,human,Jennifer Black
ID-0233,salesforce,acct-sal-ID-0233-5cbb3f,jennifer.black,jsawyer@example.org,human,Jennifer Black
ID-0234,github,acct-git-ID-0234-e05e17,shannonp90,mitchellkathryn@example.com,human,Shannon Palmer
ID-0235,aws_iam,acct-aws-ID-0235-d7ed98,narias,odavis@example.com,human,Nicole Arias
ID-0236,aws_iam,acct-aws-ID-0236-ddecdc,jvang,gbrown@example.com,human,Joe Vang
ID-0236,github,acct-git-ID-0236-81fbf0,joev76,gbrown@example.com,human,Joe Vang
ID-0236,okta,acct-okt-ID-0236-ccce2f,joe.vang,gbrown@example.com,human,Joe Vang
ID-0237,salesforce,acct-sal-ID-0237-d3315e,debra.moody,jeffrey51@example.net,human,Debra Moody
ID-0237,aws_iam,acct-aws-ID-0237-84e823,dmoody,jeffrey51@example.net,human,Debra Moody
ID-0237,active_directory,acct-act-ID-0237-f346fa,debra.moody,jeffrey51@example.net,human,Debra Moody
ID-0238,aws_iam,acct-aws-ID-0238-41d0da,htaylor,benjaminlowery@example.com,human,Heather Taylor
ID-0238,salesforce,acct-sal-ID-0238-e2a7b8,heather.taylor,benjaminlowery@example.com,human,Heather Taylor
ID-0239,aws_iam,acct-aws-ID-0239-bf379c,alewis,awest@example.org,human,Andrew Lewis
ID-0239,github,acct-git-ID-0239-1ac34a,andrewl70,awest@example.org,human,Andrew Lewis
ID-0239,okta,acct-okt-ID-0239-f46018,andrew.lewis,awest@example.org,human,Andrew Lewis
ID-0240,okta,acct-okt-ID-0240-778daf,rodney.parsons,anaacosta@example.net,human,Rodney Parsons
ID-0241,okta,acct-okt-ID-0241-4e9782,danielle.dean,kevinwilliams@example.com,human,Danielle Dean
ID-0241,salesforce,acct-sal-ID-0241-3e4dcc,danielle.dean,kevinwilliams@example.com,human,Danielle Dean
ID-0242,github,acct-git-ID-0242-d0d4d2,amandac73,rodriguezrebecca@example.net,human,Amanda Chen
ID-0242,salesforce,acct-sal-ID-0242-2b4565,amanda.chen,rodriguezrebecca@example.net,human,Amanda Chen
ID-0242,active_directory,acct-act-ID-0242-d3df89,amanda.chen,rodriguezrebecca@example.net,human,Amanda Chen
ID-0243,active_directory,acct-act-ID-0243-345851,christina.allen,jennifercarter@example.org,human,Christina Allen
ID-0243,okta,acct-okt-ID-0243-1f2463,christina.allen,jennifercarter@example.org,human,Christina Allen
ID-0244,active_directory,acct-act-ID-0244-70f959,alexandra.ward,qlopez@example.org,human,Alexandra Ward
ID-0244,github,acct-git-ID-0244-e30ab7,alexandraw80,qlopez@example.org,human,Alexandra Ward
ID-0245,github,acct-git-ID-0245-752bb0,paulb92,myerstheodore@example.net,human,Paul Brooks
ID-0245,okta,acct-okt-ID-0245-753555,paul.brooks,myerstheodore@example.net,human,Paul Brooks
ID-0246,active_directory,acct-act-ID-0246-6f81c5,jessica.fuller,kellycarlos@example.org,human,Jessica Fuller
ID-0246,github,acct-git-ID-0246-ca7adc,jessicaf53,kellycarlos@example.org,human,Jessica Fuller
ID-0247,active_directory,acct-act-ID-0247-21cca7,lisa.thompson,dennis58@example.com,human,Lisa Thompson
ID-0247,github,acct-git-ID-0247-d60698,lisat16,dennis58@example.com,human,Lisa Thompson
ID-0248,salesforce,acct-sal-ID-0248-24368b,ian.taylor,epollard@example.net,human,Ian Taylor
ID-0248,active_directory,acct-act-ID-0248-502d7c,ian.taylor,epollard@example.net,human,Ian Taylor
ID-0249,aws_iam,acct-aws-ID-0249-fb9b51,kblackwell,mjohnson@example.org,human,Kylie Blackwell
ID-0250,github,acct-git-ID-0250-0c9403,thomasj89,sarah86@example.net,human,Thomas Johnson
ID-0250,salesforce,acct-sal-ID-0250-25acde,thomas.johnson,sarah86@example.net,human,Thomas Johnson
ID-0250,aws_iam,acct-aws-ID-0250-c82a7a,tjohnson,sarah86@example.net,human,Thomas Johnson
ID-0251,github,acct-git-ID-0251-efe47e,micheller72,justinatkins@example.org,human,Michelle Rivera
ID-0252,github,acct-git-ID-0252-dd6b24,juliak84,lloydsamuel@example.com,human,Julia Kline
ID-0252,salesforce,acct-sal-ID-0252-d529c1,julia.kline,lloydsamuel@example.com,human,Julia Kline
ID-0252,aws_iam,acct-aws-ID-0252-96e457,jkline,lloydsamuel@example.com,human,Julia Kline
ID-0253,okta,acct-okt-ID-0253-fb4998,heather.richardson,lmorgan@example.com,human,Heather Richardson
ID-0253,github,acct-git-ID-0253-64a052,heatherr98,lmorgan@example.com,human,Heather Richardson
ID-0253,active_directory,acct-act-ID-0253-0d728d,heather.richardson,lmorgan@example.com,human,Heather Richardson
ID-0254,aws_iam,acct-aws-ID-0254-bed68a,cshort,laurie61@example.com,human,Carrie Short
ID-0255,okta,acct-okt-ID-0255-c57b20,kenneth.griffin,manuel15@example.net,human,Kenneth Griffin
ID-0255,salesforce,acct-sal-ID-0255-0ae09f,kenneth.griffin,manuel15@example.net,human,Kenneth Griffin
ID-0256,active_directory,acct-act-ID-0256-c77ab9,sergio.acosta,cjackson@example.com,human,Sergio Acosta
ID-0256,aws_iam,acct-aws-ID-0256-f15e46,sacosta,cjackson@example.com,human,Sergio Acosta
ID-0256,github,acct-git-ID-0256-6b4b66,sergioa41,cjackson@example.com,human,Sergio Acosta
ID-0257,aws_iam,acct-aws-ID-0257-fa2da6,tgould,christina64@example.net,human,Tina Gould
ID-0258,okta,acct-okt-ID-0258-c28670,laurie.shelton,lambertrichard@example.net,human,Laurie Shelton
ID-0258,github,acct-git-ID-0258-36e4bf,lauries83,lambertrichard@example.net,human,Laurie Shelton
ID-0259,github,acct-git-ID-0259-3ab964,austinj36,thomascathy@example.com,human,Austin Jones
ID-0259,salesforce,acct-sal-ID-0259-ffd3e0,austin.jones,thomascathy@example.com,human,Austin Jones
ID-0259,okta,acct-okt-ID-0259-15e848,austin.jones,thomascathy@example.com,human,Austin Jones
ID-0260,active_directory,acct-act-ID-0260-ec8b33,eric.cole,michael90@example.net,human,Eric Cole
ID-0260,salesforce,acct-sal-ID-0260-6d1ee8,eric.cole,michael90@example.net,human,Eric Cole
ID-0260,aws_iam,acct-aws-ID-0260-f3ff0c,ecole,michael90@example.net,human,Eric Cole
ID-0261,okta,acct-okt-ID-0261-6ea85f,alyssa.sanders,nathan19@example.org,human,Alyssa Sanders
ID-0262,github,acct-git-ID-0262-804fa9,jacobh26,john10@example.net,human,Jacob Holmes
ID-0263,github,acct-git-ID-0263-51e410,jasonc72,greenjorge@example.com,human,Jason Carr
ID-0263,salesforce,acct-sal-ID-0263-6300e2,jason.carr,greenjorge@example.com,human,Jason Carr
ID-0263,okta,acct-okt-ID-0263-a4dbab,jason.carr,greenjorge@example.com,human,Jason Carr
ID-0264,okta,acct-okt-ID-0264-ae2181,shannon.roach,igonzalez@example.org,human,Shannon Roach
ID-0264,salesforce,acct-sal-ID-0264-fe080a,shannon.roach,igonzalez@example.org,human,Shannon Roach
ID-0265,github,acct-git-ID-0265-c6382a,tammyd87,zosborn@example.net,human,Tammy Downs
ID-0265,salesforce,acct-sal-ID-0265-a21090,tammy.downs,zosborn@example.net,human,Tammy Downs
ID-0266,okta,acct-okt-ID-0266-39a36b,patricia.york,jenna88@example.com,human,Patricia York
ID-0266,active_directory,acct-act-ID-0266-978538,patricia.york,jenna88@example.com,human,Patricia York
ID-0266,salesforce,acct-sal-ID-0266-753547,patricia.york,jenna88@example.com,human,Patricia York
ID-0267,active_directory,acct-act-ID-0267-671201,tracie.conner,laurahicks@example.org,human,Tracie Conner
ID-0267,okta,acct-okt-ID-0267-f4d3fb,tracie.conner,laurahicks@example.org,human,Tracie Conner
ID-0268,active_directory,acct-act-ID-0268-92b091,ashley.mcdonald,kristyjohnson@example.net,human,Ashley Mcdonald
ID-0269,salesforce,acct-sal-ID-0269-549b6e,raymond.love,cherylmiller@example.com,human,Raymond Love
ID-0270,active_directory,acct-act-ID-0270-9aaed3,madeline.jones,xfox@example.com,human,Madeline Jones
ID-0270,github,acct-git-ID-0270-a935fc,madelinej41,xfox@example.com,human,Madeline Jones
ID-0271,salesforce,acct-sal-ID-0271-c1269b,zachary.anderson,dawn77@example.net,human,Zachary Anderson
ID-0271,aws_iam,acct-aws-ID-0271-e46507,zanderson,dawn77@example.net,human,Zachary Anderson
ID-0272,aws_iam,acct-aws-ID-0272-005bf9,rbrown,katrinaanderson@example.net,human,Renee Brown
ID-0273,okta,acct-okt-ID-0273-87227f,marcus.fletcher,holmeskevin@example.org,human,Marcus Fletcher
ID-0273,salesforce,acct-sal-ID-0273-e5bf87,marcus.fletcher,holmeskevin@example.org,human,Marcus Fletcher
ID-0274,active_directory,acct-act-ID-0274-3cf86d,john.reid,stacey84@example.org,human,John Reid
ID-0274,salesforce,acct-sal-ID-0274-d4bb7d,john.reid,stacey84@example.org,human,John Reid
ID-0274,okta,acct-okt-ID-0274-16950a,john.reid,stacey84@example.org,human,John Reid
ID-0275,github,acct-git-ID-0275-442c06,clarenced56,david49@example.net,human,Clarence Davidson
ID-0276,aws_iam,acct-aws-ID-0276-278907,mbradshaw,georgeweber@example.net,human,Matthew Bradshaw
ID-0276,salesforce,acct-sal-ID-0276-a4d3a0,matthew.bradshaw,georgeweber@example.net,human,Matthew Bradshaw
ID-0277,github,acct-git-ID-0277-035583,stacyw92,bryananthony@example.org,human,Stacy Wise
ID-0278,salesforce,acct-sal-ID-0278-7af6ee,danielle.jimenez,debra96@example.net,human,Danielle Jimenez
ID-0278,active_directory,acct-act-ID-0278-dab953,danielle.jimenez,debra96@example.net,human,Danielle Jimenez
ID-0279,active_directory,acct-act-ID-0279-22cdff,linda.cohen,dawn47@example.org,human,Linda Cohen
ID-0280,active_directory,acct-act-ID-0280-3f5c6b,robert.marshall,shawn02@example.com,human,Robert Marshall
ID-0281,active_directory,acct-act-ID-0281-6457ca,vanessa.reed,catherine55@example.net,human,Vanessa Reed
ID-0282,salesforce,acct-sal-ID-0282-75a91f,anna.flores,xanderson@example.net,human,Anna Flores
ID-0283,salesforce,acct-sal-ID-0283-bb95c1,donald.williams,cmartinez@example.org,human,Donald Williams
ID-0283,okta,acct-okt-ID-0283-b9916b,donald.williams,cmartinez@example.org,human,Donald Williams
ID-0284,active_directory,acct-act-ID-0284-1c2372,sydney.barrera,alin@example.org,human,Sydney Barrera
ID-0285,okta,acct-okt-ID-0285-85c1d5,tyrone.robertson,sarah53@example.org,human,Tyrone Robertson
ID-0285,salesforce,acct-sal-ID-0285-cdd3ec,tyrone.robertson,sarah53@example.org,human,Tyrone Robertson
ID-0286,github,acct-git-ID-0286-d4fcab,christopherl82,fkoch@example.org,human,Christopher Long
ID-0286,okta,acct-okt-ID-0286-1ffd39,christopher.long,fkoch@example.org,human,Christopher Long
ID-0286,salesforce,acct-sal-ID-0286-582143,christopher.long,fkoch@example.org,human,Christopher Long
ID-0287,salesforce,acct-sal-ID-0287-1ee214,michael.williams,nlevy@example.net,human,Michael Williams
ID-0288,aws_iam,acct-aws-ID-0288-f20deb,therrera,pharper@example.net,human,Thomas Herrera
ID-0289,active_directory,acct-act-ID-0289-ccfa3d,michael.powell,jordannicole@example.net,human,Michael Powell
ID-0289,okta,acct-okt-ID-0289-9b4490,michael.powell,jordannicole@example.net,human,Michael Powell
ID-0289,salesforce,acct-sal-ID-0289-f1f614,michael.powell,jordannicole@example.net,human,Michael Powell
ID-0290,okta,acct-okt-ID-0290-f3afd3,michael.roberts,moralesashley@example.org,human,Michael Roberts
ID-0291,github,acct-git-ID-0291-d57b23,joshuah32,wgordon@example.net,human,Joshua Hays
ID-0291,salesforce,acct-sal-ID-0291-acb27a,joshua.hays,wgordon@example.net,human,Joshua Hays
ID-0292,salesforce,acct-sal-ID-0292-131efa,laura.morgan,andersoncolin@example.com,human,Laura Morgan
ID-0292,aws_iam,acct-aws-ID-0292-a3a8c0,lmorgan,andersoncolin@example.com,human,Laura Morgan
ID-0293,aws_iam,acct-aws-ID-0293-8dbc55,rwilliams,kari39@example.net,human,Richard Williams
ID-0293,okta,acct-okt-ID-0293-311a38,richard.williams,kari39@example.net,human,Richard Williams
ID-0294,okta,acct-okt-ID-0294-a67579,april.hernandez,taylormason@example.com,human,April Hernandez
ID-0294,salesforce,acct-sal-ID-0294-570a7d,april.hernandez,taylormason@example.com,human,April Hernandez
ID-0295,salesforce,acct-sal-ID-0295-dd30e5,phillip.jensen,markaustin@example.org,human,Phillip Jensen
ID-0295,github,acct-git-ID-0295-d98e60,phillipj36,markaustin@example.org,human,Phillip Jensen
ID-0295,okta,acct-okt-ID-0295-6256ac,phillip.jensen,markaustin@example.org,human,Phillip Jensen
ID-0296,active_directory,acct-act-ID-0296-d8c85a,tracy.hart,brittney88@example.net,human,Tracy Hart
ID-0296,salesforce,acct-sal-ID-0296-751be0,tracy.hart,brittney88@example.net,human,Tracy Hart
ID-0296,github,acct-git-ID-0296-ba194e,tracyh96,brittney88@example.net,human,Tracy Hart
ID-0297,salesforce,acct-sal-ID-0297-807c0d,emily.whitney,xcabrera@example.com,human,Emily Whitney
ID-0297,active_directory,acct-act-ID-0297-a7b08f,emily.whitney,xcabrera@example.com,human,Emily Whitney
ID-0298,salesforce,acct-sal-ID-0298-1a372b,joseph.rios,laura09@example.com,human,Joseph Rios
ID-0299,salesforce,acct-sal-ID-0299-e683f3,alexandria.griffith,jennifersilva@example.org,human,Alexandria Griffith
ID-0299,github,acct-git-ID-0299-fabe6a,alexandriag48,jennifersilva@example.org,human,Alexandria Griffith
SVC-0000,github,acct-git-SVC-0000-4ea60e,svc-stage-thought,svc-stage-thought@service.internal,service,svc-stage-thought
SVC-0001,github,acct-git-SVC-0001-d32120,svc-husband-choose,svc-husband-choose@service.internal,service,svc-husband-choose
SVC-0002,okta,acct-okt-SVC-0002-0b585a,svc-term-responsibility,svc-term-responsibility@service.internal,service,svc-term-responsibility
SVC-0003,aws_iam,acct-aws-SVC-0003-9b92c9,svc-eight-almost,svc-eight-almost@service.internal,service,svc-eight-almost
SVC-0004,active_directory,acct-act-SVC-0004-4c7f9f,svc-page-yourself,svc-page-yourself@service.internal,service,svc-page-yourself
SVC-0005,github,acct-git-SVC-0005-eafbcc,svc-school-break,svc-school-break@service.internal,service,svc-school-break
SVC-0006,github,acct-git-SVC-0006-15e7d7,svc-cut-after,svc-cut-after@service.internal,service,svc-cut-after
SVC-0007,github,acct-git-SVC-0007-eb1ca6,svc-let-former,svc-let-former@service.internal,service,svc-let-former
SVC-0008,active_directory,acct-act-SVC-0008-936a19,svc-kid-civil,svc-kid-civil@service.internal,service,svc-kid-civil
SVC-0009,aws_iam,acct-aws-SVC-0009-093c2f,svc-itself-rock,svc-itself-rock@service.internal,service,svc-itself-rock
SVC-0010,okta,acct-okt-SVC-0010-01dadf,svc-Democrat-item,svc-Democrat-item@service.internal,service,svc-Democrat-item
SVC-0011,aws_iam,acct-aws-SVC-0011-e27348,svc-more-stage,svc-more-stage@service.internal,service,svc-more-stage
SVC-0012,active_directory,acct-act-SVC-0012-c3f1d2,svc-population-wife,svc-population-wife@service.internal,service,svc-population-wife
SVC-0013,active_directory,acct-act-SVC-0013-21d114,svc-market-turn,svc-market-turn@service.internal,service,svc-market-turn
SVC-0014,github,acct-git-SVC-0014-3da0b8,svc-thus-simply,svc-thus-simply@service.internal,service,svc-thus-simply
SVC-0015,active_directory,acct-act-SVC-0015-7f8fcb,svc-short-assume,svc-short-assume@service.internal,service,svc-short-assume
SVC-0016,okta,acct-okt-SVC-0016-dddd37,svc-season-certainly,svc-season-certainly@service.internal,service,svc-season-certainly
SVC-0017,github,acct-git-SVC-0017-25b72b,svc-natural-despite,svc-natural-despite@service.internal,service,svc-natural-despite
SVC-0018,active_directory,acct-act-SVC-0018-4981ec,svc-option-garden,svc-option-garden@service.internal,service,svc-option-garden
SVC-0019,active_directory,acct-act-SVC-0019-0f9a72,svc-recognize-mean,svc-recognize-mean@service.internal,service,svc-recognize-mean
SVC-0020,salesforce,acct-sal-SVC-0020-f254ec,svc-never-however,svc-never-however@service.internal,service,svc-never-however
SVC-0021,github,acct-git-SVC-0021-84b366,svc-former-consumer,svc-former-consumer@service.internal,service,svc-former-consumer
SVC-0022,active_directory,acct-act-SVC-0022-5feb50,svc-machine-while,svc-machine-while@service.internal,service,svc-machine-while
SVC-0023,okta,acct-okt-SVC-0023-7dc511,svc-no-guess,svc-no-guess@service.internal,service,svc-no-guess
SVC-0024,okta,acct-okt-SVC-0024-d00171,svc-office-health,svc-office-health@service.internal,service,svc-office-health
SVC-0025,active_directory,acct-act-SVC-0025-23f355,svc-require-sport,svc-require-sport@service.internal,service,svc-require-sport
SVC-0026,active_directory,acct-act-SVC-0026-54c68b,svc-trip-set,svc-trip-set@service.internal,service,svc-trip-set
SVC-0027,aws_iam,acct-aws-SVC-0027-1b64eb,svc-responsibility-question,svc-responsibility-question@service.internal,service,svc-responsibility-question
SVC-0028,github,acct-git-SVC-0028-c6a88d,svc-suggest-room,svc-suggest-room@service.internal,service,svc-suggest-room
SVC-0029,active_directory,acct-act-SVC-0029-cf4be6,svc-everything-poor,svc-everything-poor@service.internal,service,svc-everything-poor
SVC-0030,aws_iam,acct-aws-SVC-0030-dc165b,svc-member-dark,svc-member-dark@service.internal,service,svc-member-dark
SVC-0031,active_directory,acct-act-SVC-0031-83bdaa,svc-employee-family,svc-employee-family@service.internal,service,svc-employee-family
SVC-0032,active_directory,acct-act-SVC-0032-d91295,svc-open-fire,svc-open-fire@service.internal,service,svc-open-fire
SVC-0033,okta,acct-okt-SVC-0033-e6f472,svc-down-year,svc-down-year@service.internal,service,svc-down-year
SVC-0034,aws_iam,acct-aws-SVC-0034-e1fc7d,svc-finish-spend,svc-finish-spend@service.internal,service,svc-finish-spend
SVC-0035,aws_iam,acct-aws-SVC-0035-217c17,svc-fight-sea,svc-fight-sea@service.internal,service,svc-fight-sea
SVC-0036,aws_iam,acct-aws-SVC-0036-691818,svc-despite-road,svc-despite-road@service.internal,service,svc-despite-road
SVC-0037,github,acct-git-SVC-0037-842014,svc-sea-middle,svc-sea-middle@service.internal,service,svc-sea-middle
SVC-0038,aws_iam,acct-aws-SVC-0038-54ea80,svc-free-media,svc-free-media@service.internal,service,svc-free-media
SVC-0039,aws_iam,acct-aws-SVC-0039-50507a,svc-happy-opportunity,svc-happy-opportunity@service.internal,service,svc-happy-opportunity
SVC-0040,github,acct-git-SVC-0040-a9ae6c,svc-world-world,svc-world-world@service.internal,service,svc-world-world
SVC-0041,github,acct-git-SVC-0041-22e0aa,svc-stuff-set,svc-stuff-set@service.internal,service,svc-stuff-set
SVC-0042,salesforce,acct-sal-SVC-0042-3fee66,svc-eye-field,svc-eye-field@service.internal,service,svc-eye-field
SVC-0043,github,acct-git-SVC-0043-da9ef8,svc-campaign-painting,svc-campaign-painting@service.internal,service,svc-campaign-painting
SVC-0044,salesforce,acct-sal-SVC-0044-83726f,svc-require-of,svc-require-of@service.internal,service,svc-require-of
SVC-0045,active_directory,acct-act-SVC-0045-521ada,svc-hundred-war,svc-hundred-war@service.internal,service,svc-hundred-war
SVC-0046,salesforce,acct-sal-SVC-0046-ffdc4b,svc-indicate-tell,svc-indicate-tell@service.internal,service,svc-indicate-tell
SVC-0047,github,acct-git-SVC-0047-30c43d,svc-hair-spring,svc-hair-spring@service.internal,service,svc-hair-spring
SVC-0048,salesforce,acct-sal-SVC-0048-405d70,svc-summer-child,svc-summer-child@service.internal,service,svc-summer-child
SVC-0049,github,acct-git-SVC-0049-de204a,svc-fill-and,svc-fill-and@service.internal,service,svc-fill-and
EXT-0000,salesforce,acct-sal-EXT-0000-5a48ee,jamesryan,vdouglas@example.com,external,Miguel Reed
EXT-0001,github,acct-git-EXT-0001-69b6fa,danawilliams,johnsantiago@example.net,external,Melissa Taylor
EXT-0002,github,acct-git-EXT-0002-6008a2,edelgado,adampierce@example.org,external,Mitchell Garcia
EXT-0003,salesforce,acct-sal-EXT-0003-c2f20e,amandasharp,justin01@example.net,external,Curtis Maynard
EXT-0004,okta,acct-okt-EXT-0004-6b1e57,vlopez,sarahjohnson@example.com,external,Susan Thompson
EXT-0005,salesforce,acct-sal-EXT-0005-b0b01d,shawn88,evanscarrie@example.com,external,Tammy Mcdowell
EXT-0006,github,acct-git-EXT-0006-3bf6cd,twong,lisarivera@example.net,external,Todd Rosales MD
EXT-0007,salesforce,acct-sal-EXT-0007-b735ae,frobertson,gregorychase@example.com,external,Norman Gibbs
EXT-0008,github,acct-git-EXT-0008-43c0bd,patrick74,pmorris@example.org,external,Brandon Holden
EXT-0009,salesforce,acct-sal-EXT-0009-416438,contrerassteven,greenmichael@example.org,external,Elizabeth Sharp
EXT-0010,github,acct-git-EXT-0010-6207d0,jeffreyanderson,hannah45@example.net,external,Michael Leblanc
EXT-0011,okta,acct-okt-EXT-0011-add1f4,kathleenbecker,emiles@example.net,external,Paul Obrien
EXT-0012,salesforce,acct-sal-EXT-0012-0ecdb2,ashleyhernandez,christian91@example.org,external,Rachel Fox
EXT-0013,salesforce,acct-sal-EXT-0013-3c330e,dstokes,jenniferburns@example.net,external,Joseph Wilson
EXT-0014,github,acct-git-EXT-0014-086214,fosterlisa,tchambers@example.net,external,Jason Elliott
EXT-0015,okta,acct-okt-EXT-0015-aef630,ajohnson,isabella80@example.org,external,Laura Williams
EXT-0016,salesforce,acct-sal-EXT-0016-8df410,rbennett,ybrooks@example.com,external,Chad May
EXT-0017,okta,acct-okt-EXT-0017-930f40,jessicawalker,david86@example.net,external,Shelly Anderson
EXT-0018,github,acct-git-EXT-0018-603196,rreed,opatel@example.org,external,Alexander Evans
EXT-0019,okta,acct-okt-EXT-0019-290257,jamiegarcia,pachecorobert@example.org,external,Shaun Cannon
